desc,bidincrement,bidfee,retail,flg_endprice
Sony Ericsson S500i Unlocked Mysterious Green,0.15,0.75,499.99,0
PSP Slim & Lite Sony Piano Black,0.15,0.75,169.99,0
iPod Touch Apple 8GB with Software Upgrade,0.15,0.75,299.99,0
Logitech Cordless Wave Keyboard and Mouse,0.15,0.75,89.99,0
SanDisk Cruzer Contour 4GB,0.15,0.75,59.99,0
Mario Kart with Wheel (Nintendo Wii),0.15,0.75,49.99,0
PS3 | Playstation 3 Sony Console 40GB HDD,0.15,0.75,399.99,0
DS | Nintendo DS Lite White,0.15,0.75,129.99,0
Corsair Voyager Mini 4 GB USB Flash,0.15,0.75,39.95,0
Asus Eee PC 900 XP White,0.15,0.75,549.99,0
Super Smash Bros. Brawl (Nintendo Wii),0.15,0.75,49.99,0
DS | Nintendo DS Lite Black,0.15,0.75,129.99,0
Apple iPod Shuffle 2GB Silver 2nd Gen,0.15,0.75,69.99,0
Canon Digital Rebel XSi + 18-55mm Lens Black,0.15,0.75,899.99,0
DS | Nintendo DS Lite (pink),0.15,0.75,129.99,0
Wii | Nintendo Console + Wii Sports,0.15,0.75,249.99,0
DS | Nintendo DS Lite (Crimson Red and Black),0.15,0.75,129.99,0
DS | Nintendo DS Lite (Cobalt Blue and Black),0.15,0.75,129.99,0
Guitar Hero: On Tour (Nintendo DS),0.15,0.75,49.99,0
TomTom Go 730 GPS Navigator,0.15,0.75,499.99,0
$80 Cash!,0.0,0.75,80.0,1
"$1,000 Cash!",0.0,0.75,1000.0,1
50 FreeBids Voucher,0.0,0.75,50.0,1
300 FreeBids Voucher,0.0,0.75,300.0,1
Philips Norelco BG2022 Silver Bodygroom Shaver,0.15,0.75,44.99,0
"Karcher K2.16 Electric Pressure Washer 1,400 PSI",0.15,0.75,118.0,0
$320 Cash!,0.0,0.75,320.0,1
Lego City Police Pontoon Plane 7723,0.15,0.75,39.99,0
HP Pavilion Elite M9150F Core 2 Quad Desktop PC,0.0,0.75,949.99,1
"Acer Aspire One A110L 8.9"" Mini Notebook White",0.15,0.75,399.99,0
Calvin Klein Eternity For Men 3.4oz edt Spray,0.15,0.75,57.0,0
Vtech Kidizoom Multimedia Digital Camera Blue,0.15,0.75,69.99,0
Braun Silk-Epil 7781 Xpressive Body Epilator,0.15,0.75,159.99,0
Lavazza Crema & Aroma Coffee Beans 8 x 2.2lb,0.0,0.75,220.0,1
Lavazza Crema & Aroma Coffee Beans 12 x 2.2lb,0.0,0.75,330.0,1
Calvin Klein CK One 6.7oz Eau De Toilette Spray,0.15,0.75,50.0,0
 Philips SE7452B Advanced Cordless Phone System,0.15,0.75,149.99,0
Corsair Voyager Mini 4 GB USB Flash,0.15,0.75,23.99,0
Asus Eee PC 901 black,0.15,0.75,599.0,0
Asus Eee PC 901 white,0.15,0.75,599.0,0
Logitech LX3 Optical Mouse Blue,0.15,0.75,24.99,0
TomTom Go 930T,0.15,0.75,569.0,0
"Toshiba Qosmio G55-Q801 18.4"" Core 2 Duo Notebook",0.01,0.75,1299.99,0
Sony PlayStation 3 80 GB,0.15,0.75,399.99,0
Casio Exilim EX-Z100 Silver,0.15,0.75,399.99,0
"Samsung LN37A550 37"" 1080p LCD HDTV",0.01,0.75,1199.99,0
Casio Exilim EX-Z1080 Silver,0.15,0.75,249.99,0
Lego Indiana Jones (Nintendo Wii),0.15,0.75,49.99,0
Dolce & Gabbana Light Blue 1.7oz Women's edt Spray,0.15,0.75,65.0,0
Nina Ricci L'Air du Temps EdT box set,0.15,0.75,95.0,0
Back to Basics 4-Slot Egg-and-Muffin Toaster,0.15,0.75,69.99,0
Microsoft Xbox 360 console 60 GB HDMI,0.15,0.75,349.99,0
Western Digital My Passport Elite 320GB Titanium,0.15,0.75,189.99,0
Canon PIXMA iP3500 Photo Printer,0.15,0.75,99.99,0
Maxtor OneTouch 4 Lite 500GB External Hard Drive,0.15,0.75,139.99,0
Western Digital My Passport Essential 320GB Blue,0.15,0.75,169.99,0
Netgear RangeMax Dual Band Wireless-N Adapter,0.15,0.75,99.99,0
Windows Vista Ultimate 32 Bit (OEM Version),0.15,0.75,289.99,0
Creative I-Trigue 3330 PC Speaker System,0.15,0.75,89.99,0
Logitech G7 Laser Cordless Mouse,0.15,0.75,79.99,0
Diamond HDTV110 XtremeTV USB TV Tuner with Remote,0.15,0.75,69.99,0
Logitech VX Revolution Wireless Mouse,0.15,0.75,89.99,0
Panasonic KX-TG9371B DECT Digital Answering System,0.15,0.75,69.95,0
HP Officejet 6310 All in One,0.15,0.75,279.99,0
Logitech QuickCam Pro 9000,0.15,0.75,99.99,0
"Sony Vaio VGN-FW170J/H 16.4"" Core 2 Duo Notebook",0.0,0.75,1399.99,1
Kaspersky Internet Security 2009,0.15,0.75,79.95,0
Creative Zen V Plus 2 GB Portable Media Player,0.15,0.75,94.99,0
Transcend 16GB SDHC Card + Compact Card Reader,0.15,0.75,59.99,0
"HP 2133 Mini-Note PC 8.9"" KX870AT",0.15,0.75,829.99,0
Rock Band Special Edition (PS3),0.15,0.75,169.99,0
Battlefield: Bad Company (Xbox 360),0.15,0.75,59.99,0
Battlefield: Bad Company (PS3),0.15,0.75,59.99,0
Monster Jam (Nintendo DS),0.15,0.75,29.99,0
Dragon Ball Z: Burst Limit (PS3),0.15,0.75,49.99,0
Grand Theft Auto IV (PS3),0.15,0.75,59.99,0
Top Spin 3 (Nintendo Wii),0.15,0.75,49.99,0
Gran Turismo 5 Prologue (PS3),0.15,0.75,39.99,0
Troy (Blu-Ray),0.15,0.75,34.99,0
Top Spin 3 (Xbox 360),0.15,0.75,59.99,0
Ratatouille (Blu-ray),0.15,0.75,34.99,0
Mario & Sonic at the Olympic Games (Nintendo DS),0.15,0.75,49.99,0
Lego: Indiana Jones (Nintendo DS),0.15,0.75,29.99,0
Metal Gear Solid 4: Guns of the Patriots (PS3),0.15,0.75,59.99,0
Top Spin 3 (PS3),0.15,0.75,59.99,0
Bomberman Land (Nintendo Wii),0.15,0.75,29.99,0
Die Hard 4.0 (Blu-ray),0.15,0.75,39.98,0
300 (Blu-ray),0.15,0.75,34.99,0
The Simpsons Movie (Blu-Ray),0.15,0.75,39.98,0
Carnival Games,0.15,0.75,39.99,0
Mario Party 8 (Wii),0.15,0.75,49.99,0
Kidz Sports Ice Hockey (Nintendo Wii),0.15,0.75,19.99,0
Lego Indiana Jones: The Original Adventures (PS3),0.15,0.75,49.99,0
GRID (PS3),0.15,0.75,59.99,0
I Am Legend (Blu-Ray),0.15,0.75,35.99,0
Jumper (Blu-ray),0.15,0.75,39.98,0
Super Paper Mario (Wii),0.15,0.75,44.99,0
LEGO A World of LEGO Mosaics,0.15,0.75,19.99,0
Yves Saint Laurent Body Kouros 3.3oz EdT For Men,0.15,0.75,65.0,0
Logitech V320 Cordless Optical Mouse for Notebooks,0.15,0.75,46.08,0
Spore (PC/Mac),0.15,0.75,49.99,0
Panasonic KX-TG9332T Cordless Phone System,0.15,0.75,79.95,0
Panasonic KX-TG9342T Cordless Phone System,0.15,0.75,89.95,0
TomTom Go 930T,0.01,0.75,569.0,0
Epson Stylus CX8400 All-in-one Printer,0.15,0.75,99.99,0
Panasonic KX-TG8232B Cordless Phone System,0.15,0.75,99.95,0
Creative Live! Cam Notebook Webcam,0.15,0.75,58.0,0
The Settlers: Rise of an Empire - PC,0.15,0.75,29.99,0
Smarty Pants: Trivia for Everyone (Nintendo Wii),0.15,0.75,29.99,0
Maths Play: Have Fun With Numbers (Nintendo DS),0.15,0.75,19.99,0
Apple iPod touch 8 GB (new generation),0.15,0.75,229.0,0
Corsair Voyager Mini 4 GB USB Flash,0.15,0.75,37.99,0
S.T.A.L.K.E.R. Clear Sky (PC),0.15,0.75,39.99,0
Sony PSP God of War Entertainment Pack - Red,0.15,0.75,199.99,0
Philips 4 GB Flash Video MP3 Player (black),0.15,0.75,79.99,0
"Sony VAIO VGN-FW140E 16.4"" Core2Duo Vista Laptop",0.01,0.75,1149.99,0
SpinMaster Air Hogs Havoc r/c Helicopter,0.15,0.75,29.99,0
Warhammer Online: Age of Reckoning (PC),0.15,0.75,44.99,0
Brothers in Arms: Hell's Highway (PC),0.15,0.75,49.99,0
Mercenaries 2: World in Flames (PC),0.15,0.75,49.99,0
Samsung SyncMaster 2253LW 21.6-inch LCD Monitor,0.15,0.75,337.38,0
Nokia E65 Unlocked Smartphone,0.15,0.75,449.99,0
Apple iPod nano 16 GB Black (4th generation),0.15,0.75,199.0,0
Apple iPod nano 16 GB Silver (4th generation),0.15,0.75,199.0,0
"Sony Bravia W-Series KDL-40W4100 40"" 1080p LCD TV",0.01,0.75,1899.99,0
Wii Play with Wii Remote,0.15,0.75,49.99,0
Invicta Men's Pro Diver Collection Abyss Watch,0.15,0.75,370.0,0
Invicta Women's Pro Diver Two-Tone Watch,0.15,0.75,495.0,0
Casio Men's Ana-Digi Edifice Thermometer Watch,0.15,0.75,79.95,0
Invicta Men's Speedway Chronograph Watch,0.15,0.75,355.0,0
Invicta Men's Invicta II Collection Sport Watch,0.15,0.75,495.0,0
Samsung LN40A650 40-Inch 1080p 120Hz LCD HDTV,0.01,0.75,1899.99,0
"Samsung LN37A550 37"" 1080p LCD HDTV",0.15,0.75,1199.99,0
Panasonic SC-PT960 5 DVD Home Theater System,0.15,0.75,499.95,0
Blu-ray - Mr. & Mrs. Smith,0.15,0.75,39.99,0
Iron Man (Ultimate Two-Disc Edition) [Blu-ray],0.15,0.75,39.99,0
Invicta Men's Speedway Collection Chronograph,0.15,0.75,355.0,0
Invicta Men's II Collection Sport Chronograph,0.15,0.75,495.0,0
Oral B Triumph 9900 Toothbrush with SmartGuide,0.15,0.75,149.99,0
Invicta Men's Corduba Collection Chronograph Watch,0.15,0.75,495.0,0
"GHD Professional Mini Styler MK4 ( 5/8"" Inch)",0.15,0.75,240.0,0
Mitsouko By Guerlain For Women. EdT Spray 1oz.,0.15,0.75,35.0,0
LEGO Star Wars 7671 AT-AP Podwalker,0.15,0.75,39.99,0
Philips 42PFL5603D/27 42-Inch 1080p LCD HDTV,0.15,0.75,1249.99,0
Apple iPod classic 120 GB Black (6h generation),0.15,0.75,249.0,0
Apple iPod classic 120 GB Silver (6th generation),0.15,0.75,249.0,0
LEGO Naboo N-1 Starfighter with Vulture Droid,0.15,0.75,29.99,0
Obsession Sheer By CK for Women Spray 1.7 Ounces,0.15,0.75,35.0,0
"Acer Aspire AS6920-6886 16"" Laptop (Vista)",0.0,0.75,1049.99,1
"ASUS Eee PC 1000 10"" 40GB HD Linux White",0.15,0.75,699.99,0
"ASUS Eee PC 1000 10"" 40GB HD Linux Black",0.15,0.75,699.99,0
SimCity 4 Deluxe Edition (PC),0.15,0.75,19.99,0
Myst 10th Anniversary DVD Edition (PC/Mac),0.15,0.75,19.99,0
Star Wars - Battlefront 2 (PC),0.15,0.75,9.99,0
Supreme Commander Forged Alliance (PC),0.15,0.75,19.99,0
Siemens S450 DECT 6.0 Digital Cordless Phone,0.15,0.75,119.99,0
Belkin F5L009 5-Port Network USB Hub,0.15,0.75,129.99,0
Linksys Wireless N Access Point,0.15,0.75,169.99,0
D-Link DUB-H4 High Speed USB 2.0 4-Port Hub,0.15,0.75,36.99,0
Logitech Cordless Desktop MX 3200,0.15,0.75,109.99,0
Sanyo U-K170S Stainless-Steel Electric Kettle,0.15,0.75,69.99,0
Philips 42PFL5603D/27 42-Inch 1080p LCD HDTV,0.01,0.75,1249.99,0
LEGO City Coast Guard Patrol Boat and Tower,0.15,0.75,59.99,0
SanDisk Sansa Fuze 8 GB MP3 Player (Silver),0.15,0.75,129.99,0
"Sony VAIO VGN-FW285J 16.4"" Core2Duo Vista Laptop",0.01,0.75,1649.99,0
Transcend TS8GJFV10 USB 2.0 8GB Flash Drive,0.15,0.75,37.99,0
Invicta Men's II Sport Chronograph Elite #4894,0.15,0.75,495.0,0
Invicta Men's  Mechanical Chronograph Watch #5102,0.15,0.75,1495.0,0
LEGO Star Wars 7664 TIE Crawler,0.15,0.75,62.95,0
Citizen Eco-Drive Men's Chronograph Watch,0.15,0.75,295.0,0
Dremel 8000 120V Lithium Ion Cordless Rotary Tool,0.15,0.75,133.74,0
Civilization IV: Colonization (PC),0.15,0.75,29.99,0
Sacred 2: Fallen Angel (PC),0.15,0.75,49.99,0
"Sony VAIO VGN-AW110J/H 18.4"" Laptop (Vista)",0.01,0.75,1599.99,0
"Sony VAIO VGN-SR210J/S 13.3"" Laptop (Vista)",0.01,0.75,1399.99,0
Toshiba Portable External 250GB,0.15,0.75,139.99,0
Toshiba Portable External 320GB,0.15,0.75,169.99,0
HP 2133-KX868AT 8.9-inch Mini-Note PC (Vista),0.15,0.75,629.99,0
Invicta Men's Specialty Ocean Ghost Watch,0.15,0.75,1495.0,0
Crumpler 6 MILLION DOLLAR HOME Shoulder Photo Bag,0.15,0.75,105.5,0
Bulova Women's Crystal Watch #96L001,0.15,0.75,299.0,0
Stuhrling Original Classic Men's 'Heritage' Watch,0.15,0.75,610.0,0
Cranium Board Game,0.15,0.75,24.99,0
Wii Fit | Nintendo WiiFit + Balance Board,0.15,0.75,89.99,0
Pro Evolution Soccer 2009 (PS3),0.15,0.75,49.99,0
NBA 2K9 (Xbox 360),0.15,0.75,59.95,0
Pro Evolution Soccer 2009 (Xbox 360),0.15,0.75,49.99,0
LEGO Batman (Xbox 360),0.15,0.75,49.99,0
LEGO Batman (Nintendo Wii),0.15,0.75,49.99,0
Monopoly (Xbox 360),0.15,0.75,39.99,0
Monopoly (Wii),0.15,0.75,39.99,0
Boogie Superstar (Wii),0.15,0.75,59.99,0
Spider-Man: Web of Shadows (Wii),0.15,0.75,49.99,0
Jacques Lemans Men's Sports Collection Watch,0.15,0.75,495.0,0
Jacques Lemans Men's Classic Collection Watch,0.15,0.75,795.0,0
Invicta Men's Gold-Tone Chronograph S Series Watch,0.15,0.75,375.0,0
LEGO Indiana Jones and the Lost Tomb,0.15,0.75,19.99,0
High School Musical 2 CD Board Game,0.15,0.75,12.99,0
Bosch TAS4511UC Tassimo Single-Serve Coffee Brewer,0.15,0.75,139.99,0
Philips SE7452B Advanced Cordless Phone System,0.15,0.75,149.99,0
FIFA Soccer 09 (PC),0.15,0.75,39.99,0
Sony Ericsson W880i Unlocked Cell Phone,0.15,0.75,599.99,0
NHL 09 (PC),0.15,0.75,39.99,0
Fallout 3 (PC),0.15,0.75,49.99,0
TomTom GO 730 4.3-Inch Touchscreen GPS Navigator,0.15,0.75,449.95,0
Nero 9 (PC CD),0.15,0.75,99.99,0
Girl Tech Stylin Studio,0.15,0.75,64.79,0
Mattel Hot Wheels Power Loop Stunt Zone,0.15,0.75,32.39,0
Invicta Men's Sport Chronograph Elite Watch #4891,0.15,0.75,495.0,0
Wii | Nintendo Console + Wii Sports,0.15,0.75,349.99,0
Star Wars Clone Trooper Voice Changer Helmet,0.15,0.75,36.99,0
Mechanic Master (Nintendo DS),0.15,0.75,29.99,0
Little Big Planet (PS3),0.15,0.75,59.99,0
Call of Duty: World at War (Wii),0.15,0.75,49.99,0
Crash Bandicoot: Mind Over Mutant (Xbox 360),0.15,0.75,49.99,0
Far Cry 2 (Xbox 360),0.15,0.75,59.99,0
Moto GP 08 (PS3),0.15,0.75,59.99,0
Midnight Club: Los Angeles (PS3),0.15,0.75,59.99,0
Far Cry 2 (PS3),0.15,0.75,59.99,0
Spore Creatures (Nintendo DS),0.15,0.75,29.99,0
Mystery Case Files: MillionHeir (Nintendo DS),0.15,0.75,19.99,0
NBA 2K9 (PS3),0.15,0.75,59.99,0
Canon Digital Rebel XSi + 18-55mm Lens Black,0.01,0.75,899.99,0
Crysis: Warhead (PC),0.15,0.75,29.99,0
TomTom GO 730 4.3-Inch Touchscreen GPS Navigator,0.01,0.75,449.95,0
"Samsung NC10 10.2"" Mini-Notebook",0.15,0.75,499.0,0
Canon Pixma iP4500 Photo Inkjet Printer,0.15,0.75,129.99,0
Command & Conquer: Red Alert 3 (PC),0.15,0.75,49.99,0
Creative Fatal1ty Gaming Headset,0.15,0.75,58.21,0
MoGo Micro USB Bluetooth Adapter,0.15,0.75,29.99,0
Logitech Cordless Rumblepad 2,0.15,0.75,39.99,0
Creative Labs USB Sound Blaster X-Fi,0.15,0.75,115.5,0
Kingston Flash 16GB DataTraveler DT100 (Black),0.15,0.75,39.99,0
Philips SBP1100/37 portable speaker system,0.15,0.75,12.99,0
Caselogic 15.4-Inch Fullsize Canvas Messenger Bag,0.15,0.75,29.99,0
Samsung LN26A330 26-Inch 720p LCD HDTV,0.15,0.75,599.99,0
iriver E100 4 GB Multimedia Player (Blue),0.15,0.75,99.99,0
iriver E100 4 GB Multimedia Player (Pink),0.15,0.75,99.99,0
DualShock 3 PS3 controller (PS3),0.15,0.75,54.99,0
TAO 1.4-Inch Digital Picture Keychain (Square),0.15,0.75,29.99,0
Coby 1.5-Inch Digital Photo Keychain (White),0.15,0.75,29.95,0
Hitman (+ Digital Copy) [Blu-ray],0.15,0.75,39.99,0
My Weight Loss Coach (Nintendo DS),0.15,0.75,39.99,0
Nintendo DS Spiel Mario Party DS,0.15,0.75,29.99,0
Mario & Sonic at the Olympic Games (Wii),0.15,0.75,49.99,0
Hellboy (Blu-ray),0.15,0.75,28.95,0
Donkey Kong: Barrel Blast (Wii),0.15,0.75,44.98,0
World of WarCraft: Wrath of the Lich King (PC),0.15,0.75,39.99,0
Navigon 2200T 3.5-Inch Portable GPS Navigation,0.15,0.75,249.99,0
"Acer Aspire 8930G 18"" Core2Duo Laptop (Vista)",0.01,0.75,1599.0,0
iLive Stereo Speaker System with iPod Dock (Black),0.15,0.75,49.99,0
Wii Music (Wii),0.15,0.75,49.99,0
Fable II (Xbox 360),0.15,0.75,59.99,0
Star Wars The Clone Wars: Jedi Alliance (DS),0.15,0.75,34.99,0
Professor Brainium (Nintendo DS),0.15,0.75,19.99,0
KitchenAid 4-Slice Toaster,0.15,0.75,129.99,0
Venom Micro Rescue Heli - White,0.15,0.75,45.0,0
Sigma Onyx Pro Heart Rate Monitor Watch,0.15,0.75,129.99,0
Black&Decker; 12-Volt Ni-Cad Cordless Impact Driver,0.15,0.75,162.89,0
"Samsung T220HD 22"" 1080p LCD HDTV Monitor",0.15,0.75,380.13,0
"Apple iMac 20"" Core 2 Duo 2.4GHz",0.01,0.75,1199.0,0
Apple MacBook MB466LL/A 13.3-Inch Laptop,0.01,0.75,1299.0,0
Sony PS3 160 GB + Uncharted: Drakes Fortune,0.15,0.75,499.99,0
Kingston Flash 16GB DataTraveler DT100 (Black),0.15,0.75,29.92,0
"Iomega eGo Hard Drive, USB 2.0, 1TB Blue",0.15,0.75,218.99,0
"ASUS Eee PC 1000 10"" 40GB HD Linux White",0.15,0.75,499.0,0
SimpleTech Signature Mini 250GB Hard Drive,0.15,0.75,102.99,0
"Samsung R610-64G 16"" Laptop (Vista)",0.15,0.75,1049.0,0
"Philips AJL308 Clock Radio with 7"" Color Display",0.15,0.75,129.95,0
Toshiba Portable External 250GB,0.15,0.75,99.99,0
Toshiba Portable External 320GB,0.15,0.75,119.99,0
Nikon D90 12.3 MP DSLR Camera with 18-105mm Kit,0.01,0.75,1299.95,0
Three-Light Vanity Espresso with Alabaster Globes,0.15,0.75,140.0,0
Barbie Jumper Tawny Horse,0.15,0.75,39.95,0
Megatech Avion I Airplane,0.15,0.75,49.99,0
Hip Flask Set with Cups,0.15,0.75,17.95,0
Braun Series 3 370 Men's Shaver,0.15,0.75,89.99,0
Kawasaki Cordless Screwdriver Set,0.15,0.75,51.14,0
Navigon 2200T 3.5-Inch Portable GPS Navigation,0.01,0.75,249.99,0
Skooba Checkpoint-Friendly Laptop Bag (Black),0.15,0.75,139.95,0
Logitech X-240 2.1 Soundsystem,0.15,0.75,49.99,0
Creative Labs USB Sound Blaster X-Fi,0.15,0.75,97.92,0
TomTom Go 930T,0.01,0.75,549.95,0
"Samsung T220HD 22"" 1080p LCD HDTV Monitor",0.15,0.75,679.0,0
Guitar Hero: World Tour - Band Bundle  (Wii),0.15,0.75,189.99,0
Samsung SGH-i900 OMNIA,0.01,0.75,729.99,0
Nokia N96 16 GB Unlocked Cell Phone (Black),0.01,0.75,1200.0,0
Call of Duty: World at War (PC),0.15,0.75,49.99,0
Logitech Cordless Optical Trackman (USB/PS/2),0.15,0.75,59.99,0
Microsoft Arc Mouse (Black),0.15,0.75,59.99,0
"KDS K92bw 19"" Wide Format LCD Display",0.15,0.75,268.42,0
Brother MFC-5460cn Color All-in-One Flatbed Inkjet,0.15,0.75,149.99,0
ASUS Eee PC 1000 10-Inch Mini-Notebook,0.15,0.75,373.36,0
"Seagate 320GB FreeAgent GO 5400RPM USB 2.5"" Silver",0.15,0.75,149.99,0
Seagate FreeAgent Go USB2.0 - 320GB Blue,0.15,0.75,149.99,0
Seagate FreeAgent Go USB2.0 - 320GB Black,0.15,0.75,149.99,0
Seagate FreeAgent Go USB2.0 - 320GB Red,0.15,0.75,149.99,0
Need For Speed: Undercover (PC DVD),0.15,0.75,39.99,0
Secret Obsession By Calvin Klein 1.7 oz EDP,0.15,0.75,55.0,0
Gucci Rush for Women EDT Spray 1.7 Oz.,0.15,0.75,59.0,0
Panasonic DMCFX37 10 MP Digital Camera - Silver,0.15,0.75,349.95,0
Bossart Automatic City Gents Watch,0.15,0.75,1090.07,0
Panasonic KX-TG8232B Cordless Phone System,0.15,0.75,74.78,0
"Samsung R610-64G 16"" Laptop (Vista)",0.01,0.75,1049.0,0
Krug Baümen Regatta Diamond Mens Watch,0.15,0.75,1457.61,0
Perigaum Monte Carlo Chronograph Gents Watch,0.15,0.75,1185.27,0
Bossart Ladies Automatic Vintage Watch,0.15,0.75,357.12,0
Adee Kaye Sparrow Chronograph Gents Watch,0.15,0.75,749.81,0
Perigáum Llandudno Ladies Watch,0.15,0.75,712.01,0
Opium By Yves Saint Laurent Men's EDT Spray 3.3 Oz,0.15,0.75,59.0,0
Escada Sunset Heat EDT Spray 3.4 Oz,0.15,0.75,70.0,0
"Belkin 17"" Messenger Bag (Chocolate/Tourmaline)",0.15,0.75,49.99,0
Prince of Persia (PC),0.15,0.75,49.99,0
Turtle Beach Voyetra Audio USB Drive,0.15,0.75,43.44,0
Left 4 Dead (PC DVD),0.15,0.75,49.99,0
Logitech PC Headset,0.15,0.75,12.99,0
Hellboy 2: The Golden Army (Blu-ray),0.15,0.75,39.98,0
Get Smart (Blu-ray),0.15,0.75,35.99,0
Kung Fu Panda (Blu-ray),0.15,0.75,39.99,0
Halloween (Blu-ray),0.15,0.75,34.95,0
GoodFellas (Blu-ray),0.15,0.75,28.99,0
Constantine (Blu-ray),0.15,0.75,28.99,0
Casino (Blu-ray),0.15,0.75,29.98,0
There Will Be Blood (Blu-ray),0.15,0.75,39.99,0
Tinker Bell (Blu-ray),0.15,0.75,34.99,0
No Country for Old Men (Blu-Ray),0.15,0.75,34.99,0
The Incredible Hulk (Blu-Ray),0.15,0.75,39.98,0
Indiana Jones 4 (Blu-Ray),0.15,0.75,39.99,0
Gears of War 2 (Xbox 360),0.15,0.75,59.99,0
Touchmaster 2 (Nintendo DS),0.15,0.75,29.99,0
NHL 2K9 (Wii),0.15,0.75,49.99,0
Celebrity Sports Showdown (Wii),0.15,0.75,39.99,0
Bond 007: Quantum of Solace (Xbox 360),0.15,0.75,59.99,0
Hello Kitty: Big City Dreams (Nintendo DS),0.15,0.75,29.99,0
Disney Fairies: Tinker Bell (Nintendo DS),0.15,0.75,29.99,0
Motorstorm: Pacific Rift (PS3),0.15,0.75,59.99,0
Harvest Moon: Island of Happiness (Nintendo DS),0.15,0.75,29.99,0
WWE Smackdown vs. Raw 2009 (Nintendo DS),0.15,0.75,29.99,0
Brain Age: Train Your Brain in Minutes a Day (DS),0.15,0.75,19.99,0
MySims: Kingdom (Nintendo DS),0.15,0.75,29.99,0
Tomb Raider Underworld (Wii),0.15,0.75,39.99,0
WWE Smackdown vs. Raw 2009 (Wii),0.15,0.75,49.99,0
Star Wars The Clone Wars: Lightsaber Duels (Wii),0.15,0.75,49.99,0
Rayman Raving Rabbids TV Party (Wii),0.15,0.75,49.99,0
WWE Smackdown vs. Raw 2009 (Xbox 360),0.15,0.75,59.99,0
Diddy Kong Racing (Nintendo DS),0.15,0.75,29.99,0
Bossart Ladies Automatic Vintage Watch,0.15,0.75,383.0,0
Bossart Automatic City Gents Watch,0.15,0.75,357.0,0
Hot Wheels T-REX Rampage Play Set,0.15,0.75,44.99,0
300 FreeBids Voucher,0.0,0.75,225.0,1
Sony Ericsson XPERIA X1 Cell Phone - Unlocked,0.01,0.75,1200.0,0
"Samsung NC10 10.2"" Mini-Notebook",0.15,0.75,373.36,0
$1000 iPhone 3G Gift Card,0.01,0.75,1000.0,0
"Sony VAIO VGN-AW110J/H 18.4"" Laptop (Vista)",0.01,0.75,1299.99,0
Zune 16 GB Video MP3 Player (Black),0.15,0.75,199.99,0
Zune 120 GB Video MP3 Player (Black),0.15,0.75,249.99,0
PSP 3000 Ratchet and Clank Entertainment Pack,0.15,0.75,199.99,0
Sony BDPS350 Blu-ray Disc Player 1080p Full HD,0.15,0.75,299.99,0
Mario Kart with Wheel (Nintendo Wii),0.15,0.75,49.0,0
Invicta Men's Russian Diver Collection Blue Watch,0.15,0.75,575.0,0
50 FreeBids Voucher,0.0,0.75,37.5,1
Lips - Xbox 360 (incl 2 microphones),0.15,0.75,69.99,0
Panasonic Lumix DMC-G1 12MP Digital Camera (Blue),0.01,0.75,769.99,0
"Flip Video MinoHD Camcorder, 60 Minutes (Black)",0.15,0.75,229.99,0
USB Soundwave 7.1 Audio Adaptor,0.15,0.75,23.31,0
Sony MDR-XD100 Stereo Headphones,0.15,0.75,19.99,0
Plantronics Audio 920 - Bluetooth Headset,0.15,0.75,104.15,0
Canon PIXMA MP190,0.15,0.75,84.99,0
"Iomega eGo Hard Drive, USB 2.0, 1TB Red",0.15,0.75,162.99,0
"Iomega eGo Hard Drive, USB 2.0, 1TB Black",0.15,0.75,162.99,0
SanDisk Cruzer Micro 16 GB USB 2.0 Flash Drive,0.15,0.75,110.11,0
Sony DPF-D70 7-inch Digital Photo Frame,0.15,0.75,179.99,0
DS | Nintendo DS Lite (silver),0.15,0.75,129.99,0
"ASUS Eee PC 1000 10"" 40GB HD Linux Black",0.15,0.75,499.0,0
"ASUS Eee PC 1000 10"" 40GB HD Linux (White)",0.15,0.75,499.0,0
Presto PopLite Hot Air Corn Popper,0.15,0.75,29.99,0
Casio Exilim EX-Z200 10.1 MP Digital Camera,0.15,0.75,429.31,0
Sony VAIO VGN-AW120J/H Laptop,0.01,0.75,1799.99,0
Logitech VX Revolution Cordless Laser Mouse,0.15,0.75,60.0,0
LG W2452T 24-Inch Widescreen LCD Monitor,0.15,0.75,399.95,0
Microsoft Explorer Mini Mouse,0.15,0.75,59.99,0
HP Photosmart C6380 All-in-One Printer,0.15,0.75,246.0,0
Logitech V450 Nano Optical Mouse (Red),0.15,0.75,48.49,0
Logitech S520 Cordless Desktop,0.15,0.75,59.99,0
Logitech 4 Port USB Hub,0.15,0.75,29.99,0
HP W2207H 22-inch Widescreen LCD Monitor,0.15,0.75,408.0,0
"ASUS N10J-A2 10.2"" Laptop",0.15,0.75,799.0,0
HP 2133-KX869AT 8.9-inch Mini-Note PC,0.15,0.75,579.99,0
Mirror's Edge (PC),0.15,0.75,49.99,0
Oral B Triumph 9900 Toothbrush with SmartGuide,0.01,0.75,149.99,0
Dirt Devil Reaction Upright Vacuum Cleaner,0.15,0.75,199.99,0
Kawasaki Cordless Screwdriver Set,0.01,0.75,51.14,0
Sony Cybershot T77 10MP Digital Camera (Silver),0.15,0.75,299.99,0
Sony PSP 3000,0.15,0.75,169.99,0
Garmin GPS Forerunner 305,0.01,0.75,299.99,0
Presto PopLite Hot Air Corn Popper,0.01,0.75,29.99,0
Pleo Robotic Dinosaur,0.01,0.75,349.99,0
Saeco S-TT-ST Talea Touch Espresso Machine,0.01,0.75,2400.0,0
$80 Cash!,0.01,0.75,80.0,0
300 FreeBids Voucher,0.01,0.75,225.0,0
50 FreeBids Voucher,0.01,0.75,37.5,0
Binary OI Kerala Trance Gents Watch,0.15,0.75,211.13,0
Acer Aspire AS8930-6243 18-Inch Laptop,0.01,0.75,1109.44,0
Transcend 4GB JETFLASH 220,0.15,0.75,40.99,0
Logitech ClearChat Style Headset,0.15,0.75,24.99,0
"Dicota Miltigiant 20"" Notebook Case",0.15,0.75,42.99,0
Logitech V450 Cordless Laser Mouse,0.15,0.75,49.99,0
"$1,000 Cash!",0.01,0.75,1000.0,0
KitchenAid Artisan 5-Quart Stand Mixer,0.01,0.75,349.99,0
P.S. I Love You [Blu-ray],0.15,0.75,35.99,0
Sennheiser CX300-B Earbuds (Black),0.15,0.75,49.95,0
Samsung LN40A550 40-Inch 1080p LCD HDTV,0.01,0.75,1199.99,0
Coby 2GB Flash MP3 Player with FM (Red),0.15,0.75,39.99,0
Casio Exilim Zoom EX-Z300 10.1 MP Digital Camera,0.15,0.75,299.99,0
Sennheiser HD-212 Headphones (Silver),0.15,0.75,59.99,0
Panasonic Viera TH-42PZ85U 42-Inch,0.01,0.75,1499.0,0
Wii Play (includes Wii Remote Control),0.15,0.75,49.99,0
Juwelis Selina Diamond Ladies Watch,0.15,0.75,1282.83,0
TomTom Go 930T,0.15,0.75,549.95,0
Transcend JetFlash V10 USB 2.0 16GB Flash Drive,0.15,0.75,47.99,0
Acer Aspire AS8930-6243 18-Inch Laptop,0.01,0.75,1470.68,0
Nokia 5800 XpressMusic (Red),0.15,0.75,699.99,0
Nokia 5800 XpressMusic (Blue),0.15,0.75,699.99,0
Apple Macbook Air 1.6GHz Core 2 Duo Notebook,0.01,0.75,1799.0,0
Gaggia Evolution Home Espresso Cappuccino Machine,0.15,0.75,229.0,0
Madden NFL 09 (Wii),0.15,0.75,49.95,0
Deal or No Deal (Wii),0.15,0.75,29.99,0
Lord Of The Rings: Conquest (Nintendo DS),0.15,0.75,29.95,0
Lord Of The Rings: Conquest (Xbox 360),0.15,0.75,59.99,0
Lord Of The Rings: Conquest (PS3),0.15,0.75,59.99,0
Sonic Unleashed (PS3),0.15,0.75,49.99,0
Rise of the Argonauts (Xbox 360),0.15,0.75,59.99,0
Rise of the Argonauts (PS3),0.15,0.75,59.99,0
Disney's Bolt (Wii),0.15,0.75,49.99,0
Resistance 2 (PS3),0.15,0.75,59.99,0
HP IQ506 TouchSmart Desktop PC,0.01,0.75,1499.99,0
HP Pavilion M9402F Elite Desktop PC,0.01,0.75,1048.0,0
Batman - The Dark Knight [Blu-ray],0.15,0.75,35.99,0
Braun Series 7- 790cc Pulsonic Shaver (9595),0.01,0.75,269.99,0
"Philips 47PFL5603D - 47"" 1080p Full HD LCD TV",0.01,0.75,1499.99,0
DS | Nintendo DS Lite Black,0.15,0.75,129.0,0
Canon MP620 Wireless All-in-One Photo Printer,0.15,0.75,189.0,0
Jabra BT3030 Bluetooth Stereo Headset,0.15,0.75,89.99,0
De'Longhi Nespresso EN670 Fully Automatic Machine,0.01,0.75,910.0,0
Perigáum Leticia Ladies Watch,0.15,0.75,263.62,0
Perigáum Saint Lucia Ladies Watch,0.15,0.75,224.07,0
Rothenschild Kryptonite,0.15,0.75,446.61,0
Rothenschild Marineman Chronograph,0.15,0.75,475.12,0
George Foreman Deep Fryer,0.15,0.75,149.99,0
Lord of the Rings: Conquest (PC),0.15,0.75,49.99,0
"Samsung SyncMaster 220WM 22"" LCD Monitor",0.15,0.75,277.0,0
50 Bids Voucher,0.01,0.75,37.5,0
300 Bids Voucher,0.01,0.75,225.0,0
"Sony VAIO VGN-FW285J/B 16"" Laptop (Vista)",0.15,0.75,1549.99,0
JBL Duet PC Speakers,0.15,0.75,42.99,0
"Samsung NC10 10.2"" Mini-Notebook (Black)",0.15,0.75,469.0,0
LG KP500 Cookie Unlocked Smartphone,0.15,0.75,399.99,0
Bossart Automatic London Mens Luxury Watch,0.15,0.75,376.8,0
Bossart Automatic London Luxury Automatic Watch,0.15,0.75,376.8,0
"Toshiba REGZA 46RV535U 46"" 1080p LCD HDTV",0.01,0.75,1499.99,0
Kaspersky Internet Security 2009,0.15,0.75,59.95,0
Acer AS8730-6951 18.4-Inch Laptop (Vista),0.01,0.75,905.24,0
"Samsung NC10 10.2"" Mini-Notebook (Blue)",0.15,0.75,469.0,0
Fear 2: Project Origin (PC),0.15,0.75,49.99,0
TomTom ONE 125 3.5-Inch Portable GPS Navigator,0.15,0.75,149.99,0
TomTom ONE 130S 3.5-Inch Portable GPS Navigator,0.15,0.75,279.95,0
Opium by Yves Saint Laurent 3.3oz. edt spray,0.15,0.75,85.0,0
Calvin Klein Eternity 3.4 OZ EdP spray,0.15,0.75,62.0,0
Hugo Energise by Hugo Boss For Men EDT Spray 2.5Oz,0.15,0.75,48.0,0
Fear 2: Project Origin (Xbox 360),0.15,0.75,59.99,0
Fear 2: Project Origin (PS3),0.15,0.75,59.99,0
Skate 2 (PS3),0.15,0.75,59.99,0
Lost In Blue 3 (Nintendo DS),0.15,0.75,19.99,0
LG W2252TQ 22-inch Widescreen LCD Monitor,0.15,0.75,299.98,0
ASUS Eee PC 1002HA 10-Inch Mini-Notebook,0.15,0.75,429.99,0
Nokia N85 Unlocked Cell Phone,0.15,0.75,549.99,0
Sony Ericsson T226 Unlocked GSM Cell Phone,0.15,0.75,39.99,0
Acer AS8730-6951 18.4-Inch Laptop (Vista),0.01,0.75,1199.99,0
Bodum Shin Cha 17-Ounce Glass Tea Press,0.15,0.75,54.0,0
Sharp 2-Cubic-Foot 1200-Watt Microwave Oven,0.15,0.75,189.99,0
Dirt Devil 082660 Vision Canister Vacuum,0.15,0.75,129.99,0
Vtech - Genius Notebook,0.15,0.75,34.99,0
URC-R50 Digital R50 Universal Remote Control,0.15,0.75,169.99,0
Wii Fit T-Fitness Pack with Case,0.15,0.75,40.55,0
Samsung BD-P1500 1080p Blu-ray Player,0.15,0.75,249.99,0
Motorola 89237 H500 Bluetooth Wireless Headset,0.15,0.75,59.99,0
Apple iPod touch 32 GB (new generation),0.15,0.75,399.0,0
Perigáum Moonwalker Mens Luxury Watch,0.15,0.75,351.03,0
Perigáum Fiona Ladies Watch,0.15,0.75,275.48,0
1 Ounce Gold Bar (31.10g),0.01,0.75,1035.55,0
Killzone 2 (PS3),0.15,0.75,59.99,0
Sony DPF-D70 7-inch Digital Photo Frame,0.15,0.75,179.9,0
"TrekStor DataStation 1.8"" Mini External Hard Drive",0.15,0.75,209.99,0
HP W2408H 24-inch Widescreen LCD Monitor,0.15,0.75,399.99,0
HP Pavilion Elite M9510F Desktop PC,0.01,0.75,1150.0,0
"Acer Aspire One AOD150 10.2"" Mini-Notebook",0.15,0.75,349.0,0
"HP Pavilion HDX18-1020US 18.4"" Laptop (Vista)",0.01,0.75,2101.0,0
Toshiba Portable External 500GB,0.15,0.75,149.99,0
Kingston DataTraveler 32 GB USB 2.0 Flash Drive,0.15,0.75,88.99,0
"Sony VAIO VGN-FW260J/B 16.4"" Laptop (Vista)",0.15,0.75,1199.99,0
"Samsung R610-64G 16"" Laptop (Vista)",0.15,0.75,899.0,0
Nokia 5000 Unlocked (Blue),0.15,0.75,124.99,0
Sony Ericsson F305 Unlocked Cell Phone (Black),0.15,0.75,229.99,0
Kingston Micro SD Reader & 2GB SD Card,0.15,0.75,30.0,0
"Sony VAIO VGN-P530H/G 8"" (Vista, Green)",0.01,0.75,899.99,0
Canon PowerShot SD1100IS 8MP Digital Camera,0.15,0.75,179.99,0
Cuisinart SmartStick Immersion Hand Blender,0.15,0.75,55.0,0
Picnic Time 101 Piece Tool Kit,0.15,0.75,139.95,0
"Karcher 1,850 PSI 1.5 GPM Electric Pressure Washer",0.15,0.75,269.99,0
Makita 9.6-Volt 3/8-Inch Cordless Drill/Driver Kit,0.15,0.75,178.6,0
Summer Infant Three-In-One Family Thermometer,0.15,0.75,29.99,0
Digital Alcohol Tester Breath Analyzer,0.15,0.75,19.99,0
Haier 1.7 cu. ft. White Washer & Dryer Combo,0.01,0.75,699.99,0
"Calphalon One Infused Anodized 9"" Chef's Skillet",0.15,0.75,125.0,0
Breville Ikon Stainless-Steel Electric Kettle,0.15,0.75,99.99,0
George Foreman Lean Mean Fryer,0.15,0.75,149.99,0
Perigáum Diamond Retrograde,0.15,0.75,937.36,0
Acer AS8730-6918 18.4-Inch Laptop,0.01,0.75,899.99,0
Repo! A Genetic Opera [Blu-ray],0.15,0.75,29.99,0
Appaloosa [Blu-ray],0.15,0.75,35.99,0
Animal Crossing: City Folk & Wii Speak,0.15,0.75,69.99,0
Street Fighter IV (Xbox 360),0.15,0.75,59.99,0
Street Fighter IV (PS3),0.15,0.75,59.99,0
Gravity (Wii),0.15,0.75,29.99,0
Saw V [Blu-ray],0.15,0.75,39.99,0
Mirrors [Blu-ray],0.15,0.75,39.99,0
Skate 2 (Xbox 360),0.15,0.75,59.99,0
Xbox 360 Red Elite Edition & Resident Evil 5,0.15,0.75,399.99,0
Resident Evil 5 (PS3),0.15,0.75,59.99,0
Resident Evil 5 (Xbox 360),0.15,0.75,59.99,0
Casio Exilim EX-FC100 Digital Camera,0.15,0.75,349.99,0
Digital Concepts TR-60N Camera Tripod,0.15,0.75,24.99,0
Toshiba REGZA 42XV540U 42-Inch 1080p LCD HDTV,0.01,0.75,1399.99,0
iHome Rechargeable Mini Speakers for iPods,0.15,0.75,56.25,0
Vidal Sassoon 1875W Ionic Travel Dryer,0.15,0.75,23.99,0
Acer AS8730-6918 18.4-Inch Laptop,0.01,0.75,678.93,0
"Nextar S3 3.5"" Touch Screen GPS Navigation System",0.15,0.75,149.99,0
"Sony Vaio VGN-FW170J/H 16.4"" Core 2 Duo Notebook",0.01,0.75,1509.95,0
Palm Treo Pro Unlocked Cell Phone,0.01,0.75,599.99,0
"Apple iPod shuffle 4GB (Black, 3rd generation)",0.15,0.75,79.0,0
Wii Fit | Nintendo WiiFit + Balance Board,0.01,0.75,89.99,0
Plantronics Audio 920 - Bluetooth Headset,0.15,0.75,98.04,0
Lowepro Slim Factor L Notebook Sleeve,0.15,0.75,49.99,0
Kensington Contour Terrain Notebook Backpack,0.15,0.75,31.44,0
Microsoft SideWinder Gaming Mouse,0.15,0.75,79.99,0
Fellowes Gel Flex Transparent Mini Wrist Rest,0.15,0.75,11.36,0
Sennheiser Pc121 In-Ear Mono-Aural Headset,0.15,0.75,29.95,0
Ge Ho97711 Pc Stereo Headset With Boom Mic,0.15,0.75,18.41,0
Microsoft Arc Mouse (Red),0.15,0.75,49.99,0
"Acer Aspire One D150 10.1"" Netbook",0.15,0.75,379.99,0
Sony Ericsson W595i Unlocked Cell Phone,0.15,0.75,289.99,0
Logitech Alto Express Notebook Stand,0.15,0.75,29.99,0
Jabra BT160 Bluetooth Headset,0.15,0.75,59.99,0
"Acer Aspire One AOD150 10.1"" Netbook (Black)",0.15,0.75,349.99,0
"Acer Aspire One AOD150-1920 10.1"" Netbook (Red)",0.15,0.75,349.99,0
"Acer Aspire One AOD150-1165 10"" Netbook (Blue)",0.15,0.75,349.99,0
Dirt Devil M0100 Classic Handheld Vacuum Cleaner,0.15,0.75,49.99,0
ATV 200cc XLarge Sport,0.01,0.75,1790.0,0
Samsung LN37B650 37-Inch 1080p LCD HDTV,0.01,0.75,1299.99,0
"Philips 42PFL7403D/27 42"" 1080p 120Hz LCD HDTV",0.01,0.75,1299.99,0
"Samsung LN40A750 40"" LCD TV",0.01,0.75,1899.99,0
Nintendo DSi Console (Black),0.15,0.75,169.99,0
Nintendo DSi Console (Blue),0.15,0.75,169.99,0
Microsoft Xbox 360 Elite,0.15,0.75,399.99,0
1 Ounce Gold Bar (31.10g),0.01,0.75,1020.34,0
Braun Series 3 340 (4775) Men's Shaver,0.15,0.75,64.99,0
Dolce & Gabbana Light Blue 3.3oz. edt spray,0.15,0.75,80.0,0
KitchenAid 10-Piece Cookware Set,0.15,0.75,313.0,0
Logitech Z-5 USB Stereo Speakers,0.15,0.75,99.99,0
Verizon VZ-V300AM-2 DECT 6.0 Cordless Phone,0.15,0.75,119.99,0
Siemens DECT 6.0 Digital Cordless Phone System,0.15,0.75,149.99,0
Garmin nüvi 255 3.5-Inch Portable GPS Navigator,0.15,0.75,249.99,0
Kobe Beef Top Sirloin Steak (1 lb),0.15,0.75,30.5,0
Sigma 70-300mm APO f/4-5.6 DG Macro Lens (Nikon),0.15,0.75,209.99,0
Coby 1.5-Inch Digital Photo Keychain (White),0.15,0.75,9.99,0
Canon PowerShot SD970IS 12.1 MP Digital Camera,0.15,0.75,379.99,0
Transcend 16 GB SDHC Class 6 Flash Memory Card,0.15,0.75,54.99,0
HP Pavilion HDX18-1180US 18.4-Inch Laptop,0.01,0.75,2287.0,0
HTC Touch Diamond 4 GB Unlocked Cell Phone,0.01,0.75,599.99,0
Garmin nüvi 770 GPS Navigator,0.01,0.75,799.99,0
Salter 11-Pound Square Digital Kitchen Scale,0.15,0.75,60.0,0
Coleman Weathermaster 2-Room Tent with Screen Room,0.15,0.75,219.99,0
Perigáum Dual Time Ladies Watch,0.15,0.75,276.8,0
Max Payne [Blu-ray],0.15,0.75,39.98,0
Madagascar: Escape 2 Africa [Blu-ray],0.15,0.75,39.99,0
The Boondock Saints [Blu-ray],0.15,0.75,29.99,0
Igor [Blu-ray],0.15,0.75,39.99,0
Madden NFL 09 (PS3),0.15,0.75,49.99,0
Samsung LN40B650 40-Inch 1080p 120Hz LCD HDTV,0.01,0.75,1699.99,0
Samsung BD-P1600 1080p Blu-Ray Disc Player,0.15,0.75,299.99,0
Beats by Dr. Dre Tour High Resolution Headphones,0.15,0.75,149.95,0
The Settlers of Catan,0.15,0.75,42.0,0
"ASUS Eee PC 1000HE 10"" Netbook (Black)",0.15,0.75,399.0,0
Garmin nüvi 360 3.5-Inch Bluetooth Portable GPS,0.15,0.75,279.99,0
Tonka Mighty Kid's 12-Inch Bike,0.15,0.75,89.99,0
Samsung LN32B530 32-Inch 1080p LCD HDTV,0.15,0.75,799.99,0
Sony PSP 3000,0.01,0.75,169.99,0
"Sony Bravia KDL-40V5100 40"" 1080p LCD HDTV",0.01,0.75,1499.99,0
Acer AS8730-6951 18.4-Inch Laptop,0.01,0.75,1199.0,0
Apple iPhone 3G 16GB (White),0.01,0.75,699.0,0
Apple iPhone 3G 16GB (Black),0.01,0.75,699.0,0
Super Talent Luxio 32GB Flash Drive (Black),0.15,0.75,68.99,0
Transcend StoreJet 320GB Anti Shock Hard Drive,0.15,0.75,89.99,0
WORX ECO WG780 Cordless Electric Lawn Mower,0.01,0.75,429.99,0
Weber 22 1/2-Inch One-Touch Silver Kettle Grill,0.15,0.75,99.7,0
CK by Calvin Klein CK2086S Sunglasses,0.15,0.75,144.4,0
Serengeti Navigator Sunglasses,0.15,0.75,219.99,0
Kodak EasyShare P720 Digital Picture Frame,0.15,0.75,99.95,0
Samsung S2 500 GB Portable Hard Drive (Wine Red),0.15,0.75,169.99,0
HP Officejet J4680 Color Inkjet Printer,0.15,0.75,149.0,0
Logitech 961400-0403 Quickcam for Notebooks Deluxe,0.15,0.75,49.99,0
Saitek P2500 Rumble Force PC Game Pad,0.15,0.75,29.95,0
Samsung Pleomax PSP-7000B USB Speakers,0.15,0.75,29.95,0
Magic 8 Ball,0.15,0.75,9.99,0
Chia Obama Handmade Decorative Planter,0.15,0.75,18.99,0
"Unstoppable by Rascal Flatts
 Rascal Flatts",0.15,0.75,18.98,0
lHannah Montana: The Movie Enhanced Soundtrack,0.15,0.75,18.98,0
Avenir Deluxe Unicycle (20-Inch Wheel),0.15,0.75,59.99,0
Airzone 38-Inch Mini Band Trampoline,0.15,0.75,41.75,0
Arachnid DarTronic 300 Soft-Tip Dart Game,0.15,0.75,69.99,0
Everlast Family Training Set,0.15,0.75,39.99,0
Mikasa VX20 Beach Classic Volleyball,0.15,0.75,15.99,0
Mongoose 102 Complete Skateboard,0.15,0.75,29.99,0
Wii HD Component Cable,0.15,0.75,19.99,0
DLO HipCase Leather Folio Case for iPod touch,0.15,0.75,29.99,0
JBuds Hi-Fi Noise-Reducing Ear Buds (Black),0.15,0.75,49.95,0
Sony ICFCD3iP CD Clock Radio for iPod and iPhone,0.15,0.75,99.95,0
Palm Treo 750 Unlocked GSM Cell Phone,0.15,0.75,259.99,0
Acer AS8730-6951 18.4-Inch Laptop,0.01,0.75,905.24,0
Marc O'Polo Ladies Watch,0.15,0.75,91.86,0
Casio G-Shock Mens Watch,0.15,0.75,129.94,0
Casio Edifice Mens Watch,0.15,0.75,128.77,0
Esprit Mens Watch,0.15,0.75,169.3,0
Esprit Full Activity Black Mens Watch,0.15,0.75,182.42,0
VitaClay Gourmet 6-Cup Rice and Slow Cooker Pro,0.15,0.75,160.0,0
MSI Wind Nettop CS120 Desktop PC,0.15,0.75,364.99,0
20 Bids Voucher,0.01,0.75,15.0,0
Nikon D5000 12.3 MP DSLR Camera & 18-55mm lens,0.01,0.75,849.95,0
Canon EOS Rebel T1i 15MP DSLR + 18-55mm lenses,0.01,0.75,899.99,0
Nintendo Wii Nunchuk Controller add-on,0.15,0.75,19.99,0
Joby Gorillapod Flexible Tripod (Grey),0.15,0.75,21.99,0
Kingston DataTraveler 32 GB USB 2.0 Flash Drive,0.15,0.75,86.99,0
Acer AS8730-6951 18.4-Inch Laptop,0.01,0.75,1199.99,0
Belkin 3-Outlet Wall-Mount Surge Protector,0.15,0.75,16.99,0
Belkin Neoprene Notebook Sleeve for 17-Inch Laptop,0.15,0.75,34.99,0
Logitech Internet 350 Vista Qualified USB Keyboard,0.15,0.75,27.99,0
DeLonghi Magnifica Super-Automatic Coffee Machine,0.01,0.75,1260.0,0
"Cuisinart Classic Brushed Chrome Toaster, 2-Slice",0.15,0.75,110.0,0
Cuisinart Mini-Prep Plus 4-Cup Food Processor,0.15,0.75,90.0,0
Haier 150 Can Beverage Center,0.15,0.75,219.99,0
Peltor H10A Professional Noise Canceling Earmuff,0.15,0.75,33.94,0
YogaAccessories Nylon Zippered Yoga Mat Bag,0.15,0.75,12.99,0
AccuSharp 001 Knife Sharpener,0.15,0.75,13.99,0
Rubik's Cube Brain Teaser Puzzle,0.15,0.75,11.99,0
BeerTender from Heineken and Krups,0.15,0.75,336.0,0
Philips 42PFL6704D/F7 42-Inch 1080p LCD HDTV,0.01,0.75,1199.9,0
Philips SE7451B/37 DECT 6.0 Cordless Phone,0.15,0.75,99.99,0
Brother DCP-585CW Color Inkjet All-in-One Printer,0.15,0.75,179.0,0
ViewSonic VX2240w 22-inch Widescreen LCD Monitor,0.15,0.75,451.13,0
Sony VAIO VGN-AW220J/B 18.4-Inch Laptop,0.01,0.75,1449.99,0
BenQ M2400HD 24-Inch LCD Gaming HD 1080p Monitor,0.15,0.75,549.99,0
"12' x 30"" Family Size Metal Frame Pool Set",0.15,0.75,134.99,0
Sony Ericsson W380a Unlocked Cell Phone,0.15,0.75,199.99,0
HoMedics Therapist Select Shiatsu Back Massager,0.15,0.75,119.99,0
Hoover F7452900 Steamvac All-Terrain Floor Cleaner,0.15,0.75,299.99,0
Calphalon Contemporary Nonstick Asian Wok Gift Set,0.15,0.75,79.99,0
My Fitness Coach (Wii),0.15,0.75,29.99,0
Plantronics M110 Over The Head Headset,0.15,0.75,29.95,0
Transcend 8 GB SDHC Class 6 Flash Memory Card,0.15,0.75,38.99,0
Logitech Trackman Wheel Optical (Silver),0.15,0.75,42.99,0
Xbox 360 Live 3-month Subscription Gold Card,0.15,0.75,19.99,0
PSP Super Travel Case With Pockets,0.15,0.75,9.99,0
DS Lite Action Replay,0.15,0.75,19.99,0
American Weigh Precision Digital Pocket Scale,0.15,0.75,29.99,0
Moving Men 8-Piece Furniture Slider Set,0.15,0.75,19.99,0
Slingshot Flying Monkey,0.15,0.75,9.99,0
Rothenschild Royal Cube Chronograph,0.15,0.75,459.68,0
Rothenschild Eclipse Chronograph,0.15,0.75,459.99,0
Bossart Automatic Watch Cortez,0.15,0.75,390.0,0
Bossart Automatic Watch Art Déco,0.15,0.75,331.19,0
Nintendo DSi Console (Black) + 50 Bids Voucher,0.15,0.75,207.49,0
Nintendo DSi Console (Blue) + 50 Bids Voucher,0.15,0.75,207.49,0
Buffalo 1TB DriveStation Turbo Hard Drive,0.15,0.75,144.99,0
1 Ounce Gold Bar (31.10g),0.01,0.75,1046.06,0
Logitech Digital Precision PC Gaming Headset,0.15,0.75,49.99,0
Logitech Optical USB mouse,0.15,0.75,30.99,0
Verbatim DVD-R 4.7GB 16X Branded (50 pack),0.15,0.75,34.27,0
Wii Wireless Sensor Bar,0.15,0.75,19.99,0
Vanguard VT-214 Aluminum Digital Camera Tripod,0.15,0.75,56.0,0
Cables To Go Velocity Series 40315 HDMI Cable,0.15,0.75,29.99,0
Belkin Geo Sleeve Notebook carrying case,0.15,0.75,29.99,0
Xbox 360 Arcade Console with Sega Superstar Tennis,0.15,0.75,199.99,0
Meguiar's X2020 Supreme Shine Microfiber (X3),0.15,0.75,16.37,0
Baby Einstein Takealong Tunes,0.15,0.75,19.99,0
Streamlight Nanolight Miniature LED Flashlight,0.15,0.75,10.0,0
Tweezerman Skin Care Tool,0.15,0.75,10.0,0
Plantronics Explorer 330 Bluetooth Headset,0.15,0.75,59.95,0
Genius Twin Wheel F1,0.15,0.75,49.99,0
Nerf N-Strike Vulcan EBF-25 Blaster,0.15,0.75,48.99,0
Apple $898 iPhone 3G Gift Card,0.01,0.75,699.0,0
Apple iPhone 3GS 32GB (Black),0.01,0.75,699.0,0
Nintendo DSi Console (Blue),0.12,0.6,169.99,0
Wii | Nintendo Console + Wii Sports,0.12,0.6,249.99,0
Nintendo DSi Console (Black),0.12,0.6,169.99,0
Madagascar: Escape 2 Africa [Blu-ray],0.12,0.6,24.99,0
50 Bids Voucher,0.01,0.75,25.0,0
300 Bids Voucher,0.01,0.75,150.0,0
20 Bids Voucher,0.01,0.75,10.0,0
50 Bids Voucher,0.01,0.6,37.5,0
300 Bids Voucher,0.01,0.6,225.0,0
300 Bids Voucher,0.01,0.6,180.0,0
20 Bids Voucher,0.12,0.6,12.0,0
20 Bids Voucher,0.01,0.6,12.0,0
Wii Sports Resort with Wii MotionPlus,0.12,0.6,49.99,0
Tiger Woods PGA Tour 10 with Wii MotionPlus (Wii),0.12,0.6,59.99,0
Wii Wireless Sensor Bar,0.12,0.6,19.99,0
Wii Fit | Nintendo WiiFit + Balance Board,0.12,0.6,89.99,0
Sony PlayStation 3 80 GB,0.12,0.6,399.99,0
Rothenschild Eclipse Chronograph,0.12,0.6,459.99,0
75 Bids Voucher,0.01,0.75,56.25,0
Toshiba Portable External 320GB,0.12,0.6,119.99,0
Transcend JetFlash V10 USB 2.0 16GB Flash Drive,0.12,0.6,47.99,0
Verizon VZ-V300AM-2 DECT 6.0 Cordless Phone,0.12,0.6,119.99,0
Super Talent Luxio 32GB Flash Drive (Black),0.12,0.6,68.99,0
Buffalo 1TB DriveStation Turbo Hard Drive,0.12,0.6,144.99,0
Logitech Optical USB mouse,0.12,0.6,30.99,0
Belkin Geo Sleeve Notebook carrying case,0.12,0.6,29.99,0
Gaggia Evolution Home Espresso Cappuccino Machine,0.12,0.6,229.0,0
Three-Light Vanity Espresso with Alabaster Globes,0.12,0.6,140.0,0
Meguiar's X2020 Supreme Shine Microfiber (X3),0.12,0.6,16.37,0
Baby Einstein Takealong Tunes,0.12,0.6,19.99,0
Streamlight Nanolight Miniature LED Flashlight,0.12,0.6,10.0,0
Milwaukee 2.4V Two Speed Cordless Screwdriver Kit,0.12,0.6,222.0,0
75 Bids Voucher,0.01,0.6,56.25,0
Virtua Tennis 2009 (PS3),0.12,0.6,46.99,0
Indiana Jones and the Staff of Kings (Wii),0.12,0.6,46.99,0
Guitar Hero World Tour Guitar Kit (Wii),0.12,0.6,64.12,0
Virtua Tennis 2009 (Wii),0.12,0.6,36.99,0
My Fitness Coach (Wii),0.12,0.6,27.99,0
Resident Evil 5 (PS3),0.12,0.6,53.99,0
Max Payne [Blu-ray],0.12,0.6,19.99,0
Super Smash Bros. Brawl (Nintendo Wii),0.12,0.6,46.99,0
Donkey Kong: Barrel Blast (Wii),0.12,0.6,89.79,0
Mario & Sonic at the Olympic Games (Wii),0.12,0.6,40.99,0
UFC 2009: Undisputed (PS3),0.24,0.6,52.99,0
Street Fighter IV (PS3),0.24,0.6,56.99,0
Professor Brainium (Nintendo DS),0.24,0.6,14.99,0
Wii Wireless Sensor Bar,0.12,0.6,15.99,0
Griffin iTrip LCD Dock Connector for iPod (White),0.12,0.6,35.64,0
Canon EOS Rebel T1i 15MP DSLR + 18-55mm lenses,0.02,0.6,819.99,0
Vanguard VT-214 Aluminum Digital Camera Tripod,0.12,0.6,37.3,0
Cables To Go Velocity Series 40315 HDMI Cable,0.12,0.6,10.15,0
Transcend 16 GB SDHC Class 6 Flash Memory Card,0.12,0.6,35.44,0
Xbox 360 Arcade Console with Sega Superstar Tennis,0.12,0.6,269.99,0
LG 47LH90 47-Inch 1080p LED Backlit LCD HDTV,0.02,0.6,2087.97,0
LG 50PS80 50-Inch 1080p Plasma Broadband HDTV,0.02,0.6,1614.93,0
Samsung UN40B7000 40-Inch 1080p 120Hz LED HDTV,0.02,0.6,1599.99,0
"Sony BDP-S360 1080p Blu-ray Disc Player, Black",0.06,0.6,234.29,0
Toshiba REGZA 46SV670U 46-Inch 1080p LCD HDTV,0.02,0.6,1766.19,0
LG 42LH40 42-Inch 1080p 120Hz LCD HDTV,0.02,0.6,1146.98,0
"Sony Bravia KDL-40V5100 40"" 1080p LCD HDTV",0.02,0.6,993.43,0
Apple iPod touch 8 GB (new generation),0.12,0.6,214.99,0
"Apple iPod shuffle 4GB (Black, 3rd generation)",0.12,0.6,76.99,0
Canon PowerShot SD970IS 12.1 MP Digital Camera,0.12,0.6,328.0,0
DualShock 3 PS3 controller (PS3),0.12,0.6,42.99,0
Nikon D90 12.3 MP DSLR Camera with 18-105mm Kit,0.02,0.6,1139.0,0
Apple iPod touch 32 GB (new generation),0.12,0.6,369.0,0
Mario Kart with Wheel (Nintendo Wii),0.12,0.6,52.95,0
Wii Play (includes Wii Remote Control),0.12,0.6,44.96,0
Olympus Evolt E620 12.3MP Live MOS DSLR Camera,0.02,0.6,749.0,0
1 Ounce Gold Bar (31.10g),0.02,0.6,1050.0,0
Plantronics Explorer 330 Bluetooth Headset,0.12,0.6,19.74,0
"Seagate 320GB FreeAgent GO 5400RPM USB 2.5"" Silver",0.12,0.6,79.0,0
Western Digital My Passport Essential 320GB Blue,0.12,0.6,79.0,0
Samsung S2 500 GB Portable Hard Drive (Wine Red),0.12,0.6,169.99,0
HP Officejet J4680 Color Inkjet Printer,0.24,0.6,99.97,0
Transcend StoreJet 320GB Anti Shock Hard Drive,0.24,0.6,80.79,0
Siemens DECT 6.0 Digital Cordless Phone System,0.24,0.6,149.99,0
Verizon VZ-V300AM-2 DECT 6.0 Cordless Phone,0.24,0.6,119.99,0
Logitech Z-5 USB Stereo Speakers,0.24,0.6,70.99,0
Logitech G7 Laser Cordless Mouse,0.24,0.6,64.99,0
Panasonic KX-TG9332T Cordless Phone System,0.24,0.6,62.38,0
Logitech VX Revolution Wireless Mouse,0.24,0.6,46.99,0
Logitech Cordless Wave Keyboard and Mouse,0.24,0.6,61.49,0
Logitech Cordless Desktop MX 3200,0.24,0.6,75.98,0
Super Talent Luxio 32GB Flash Drive (Black),0.12,0.6,98.0,0
Kingston DataTraveler 32 GB USB 2.0 Flash Drive,0.12,0.6,79.99,0
Transcend TS8GJFV10 USB 2.0 8GB Flash Drive,0.12,0.6,21.89,0
Kaspersky Internet Security 2009,0.12,0.6,29.49,0
Rothenschild Royal Cube Chronograph,0.12,0.6,459.68,0
Rothenschild Eclipse Chronograph,0.12,0.6,236.48,0
Perigaum Flightmaster Chronograph,0.12,0.6,236.48,0
Bossart Automatic Watch Réctangulaire,0.12,0.6,264.6,0
Bossart Automatic Watch Cortez,0.12,0.6,208.5,0
Bossart Automatic Watch Art Déco,0.12,0.6,181.84,0
Braun Series 7- 790cc Pulsonic Shaver (9595),0.06,0.6,204.23,0
Bosch TAS4511UC Tassimo Single-Serve Coffee Brewer,0.12,0.6,99.99,0
Salter 11-Pound Square Digital Kitchen Scale,0.24,0.6,49.99,0
Digital Alcohol Tester Breath Analyzer,0.24,0.6,10.95,0
LG 26.5 cu.ft. Side-By-Side Refrigerator (White),0.02,0.6,1498.0,0
Intex Waterslide,0.12,0.6,299.5,0
"Black & Decker 12V 10"" Cordless Electric Trimmer",0.12,0.6,73.74,0
Nerf N-Strike Vulcan EBF-25 Blaster,0.24,0.6,39.0,0
Picnic Time 101 Piece Tool Kit,0.12,0.6,94.27,0
"Karcher 1,850 PSI 1.5 GPM Electric Pressure Washer",0.06,0.6,269.99,0
Back to Basics TEM500 Egg-&-Muffin 2-Slice Toaster,0.24,0.6,32.24,0
Bodum Shin Cha 17-Ounce Glass Tea Press,0.24,0.6,38.21,0
Apple MacBook Pro MB991LL/A 13.3-Inch Laptop,0.02,0.6,1699.84,0
Apple iPhone 3GS 32GB (Black),0.06,0.6,898.0,0
Apple $898 iPhone 3G Gift Card,0.06,0.6,898.0,0
Nokia N97 (Unlocked),0.06,0.6,599.99,0
Apple iMac MB418LL/A 24-Inch Desktop,0.02,0.6,1478.98,0
Belkin Geo Sleeve Notebook carrying case,0.12,0.6,26.23,0
Logitech Optical USB mouse,0.12,0.6,17.97,0
Verbatim DVD-R 4.7GB 16X Branded (50 pack),0.12,0.6,19.99,0
Nokia E63-2 Unlocked Cell Phone,0.12,0.6,199.99,0
Asus N90Sv-A1 18.4-Inch Laptop,0.02,0.6,1468.99,0
ASUS N10J-A1 10.2-Inch Laptop (Vista),0.12,0.6,683.98,0
Garmin nüvi 205W 4.3-Inch  Portable GPS Navigator,0.12,0.6,141.48,0
Garmin nüvi 360 3.5-Inch Bluetooth Portable GPS,0.12,0.6,279.99,0
Brother MFC-490CW Color Inkjet Wireless Printer,0.12,0.6,179.0,0
Garmin nüvi 770 GPS Navigator,0.06,0.6,406.47,0
"Samsung T220HD 22"" 1080p LCD HDTV Monitor",0.24,0.6,259.99,0
Calphalon Contemporary Nonstick Asian Wok Gift Set,0.24,0.6,79.99,0
HoMedics Therapist Select Shiatsu Back Massager,0.12,0.6,58.8,0
"Fisher-Price Rock, Roll 'N Ride Trike",0.24,0.6,44.99,0
"KitchenAid 11"" Round Grill and 10"" Round Griddle",0.24,0.6,59.99,0
Cuisinart Mini-Prep Plus 4-Cup Food Processor,0.24,0.6,49.72,0
Nokia E75 Unlocked Cell Phone,0.06,0.6,419.99,0
Meguiar's X2020 Supreme Shine Microfiber (X3),0.12,0.6,8.59,0
Baby Einstein Takealong Tunes,0.12,0.6,9.99,0
Streamlight Nanolight Miniature LED Flashlight,0.12,0.6,10.15,0
50 Bids Voucher,0.12,0.6,30.0,0
300 Bids Voucher,0.12,0.6,180.0,0
75 Bids Voucher,0.12,0.6,45.0,0
UFC 2009: Undisputed (PS3),0.12,0.6,52.99,0
EA Sports Active (Wii),0.12,0.6,56.99,0
Summer Sports Paradise (Wii),0.12,0.6,19.99,0
Street Fighter IV (PS3),0.12,0.6,56.99,0
Gravity (Wii),0.12,0.6,27.99,0
HP Officejet J4680 Color Inkjet Printer,0.12,0.6,99.97,0
Transcend StoreJet 320GB Anti Shock Hard Drive,0.12,0.6,80.79,0
Logitech Z-5 USB Stereo Speakers,0.12,0.6,70.99,0
Wii Motion Plus Accessory (Wii),0.12,0.6,19.99,0
Sony 8GB Memory Stick Pro Duo Mark 2,0.12,0.6,35.95,0
Sony DCR-SR47 Hard Disk Drive Handycam Camcorder,0.06,0.6,348.72,0
Wii Sports Resort with Wii MotionPlus,0.12,0.6,46.99,0
Philips 47PFL6704D/F7 47-Inch 1080p LCD HDTV,0.02,0.6,1379.99,0
Nikon D5000 12.3 MP DSLR Camera & 18-55mm lens,0.02,0.6,771.89,0
"Sony Bravia KDL-40V5100 40"" 1080p LCD HDTV",0.02,0.6,1499.99,0
Sony PSP 3000,0.12,0.6,169.99,0
Acer AS8730-6951 18.4-Inch Laptop,0.06,0.6,1199.99,0
Acer AS8730-6951 18.4-Inch Laptop,0.02,0.6,1199.99,0
Apple iPhone 3GS 32GB (Black),0.02,0.6,898.0,0
Apple $898 iPhone 3G Gift Card,0.02,0.6,898.0,0
Apple Mac Mini (MB138LL/A),0.06,0.6,459.0,0
Blackberry Bold 9000 Unlocked Cell Phone,0.06,0.6,569.99,0
Garmin nüvi 770 GPS Navigator,0.12,0.6,406.47,0
"Samsung T220HD 22"" 1080p LCD HDTV Monitor",0.12,0.6,259.99,0
J.A. Henckels Everedge 13-Piece Knife Set,0.12,0.6,44.99,0
Black & Decker Cordless Electric Shear/Shrubber,0.12,0.6,47.47,0
Sharp R-408LS Family-Size Microwave Oven,0.12,0.6,199.99,0
Netgear RangeMax Dual Band Wireless-N Adapter,0.24,0.6,76.99,0
Symantec Norton Internet Security 2009,0.12,0.6,69.99,0
Samsung SPF-71E 7-Inch Digital Photo Frame (Black),0.12,0.6,79.99,0
JVC MiniDV Camcorder with 30x Optical Zoom,0.12,0.6,199.99,0
Canon EOS Rebel T1i 15MP DSLR + 18-55mm lenses,0.06,0.6,819.99,0
Nikon D90 12.3 MP DSLR Camera with 18-105mm Kit,0.06,0.6,1139.0,0
"Samsung LN46A650 46"" LCD TV",0.02,0.6,2099.99,0
George Foreman Deep Fryer,0.12,0.6,137.4,0
Three-Light Vanity Espresso with Alabaster Globes,0.12,0.6,141.67,0
Makita 9.6-Volt 3/8-Inch Cordless Drill/Driver Kit,0.12,0.6,100.67,0
Nokia N86 Indigo Unlocked Cellphone,0.06,0.6,599.99,0
Garmin nüvi 750 4.3-Inch Portable GPS Navigator,0.12,0.6,299.99,0
Apple MacBook Pro MB991LL/A 13.3-Inch Laptop,0.06,0.6,1699.84,0
Garmin nüvi 885T Bluetooth Portable GPS Navigator,0.06,0.6,599.99,0
SpinMaster Air Hogs Havoc r/c Helicopter,0.24,0.6,32.49,0
Vtech Kidizoom Multimedia Digital Camera Blue,0.12,0.6,69.49,0
Monopoly Here and Now World,0.24,0.6,22.95,0
Farberware Classic 17-Piece Cookware Set,0.24,0.6,120.99,0
WOLF-Garten Comfort Anvil Pruner for Small Hands,0.24,0.6,21.99,0
Asus N90Sv-A1 18.4-Inch Laptop,0.06,0.6,1468.99,0
History Great Empires: Rome (Nintendo DS),0.12,0.6,19.99,0
UFC 2009: Undisputed (Xbox 360),0.12,0.6,59.99,0
Guitar Hero World Tour Guitar Kit (Xbox 360),0.24,0.6,169.99,0
Terminator: Salvation (Xbox 360),0.24,0.6,59.99,0
Bionic Commando (Xbox 360),0.12,0.6,59.99,0
Ghostbusters: The Video Game (PS3),0.24,0.6,59.99,0
Fight Night Round 4 (PS3),0.24,0.6,59.99,0
Terminator: Salvation (PS3),0.12,0.6,59.99,0
Bionic Commando (PS3),0.24,0.6,59.99,0
Guitar Hero World Tour Guitar Kit (PS3),0.12,0.6,99.99,0
Riddick: Assault on Dark Athena (PS3),0.24,0.6,59.99,0
The Conduit (Wii),0.24,0.6,49.99,0
Guitar Hero World Tour Guitar Kit (Wii),0.24,0.6,64.12,0
Tweezerman Skin Care Tool,0.12,0.6,10.0,0
Haier 150 Can Beverage Center,0.12,0.6,249.99,0
WORX ECO WG780 Cordless Electric Lawn Mower,0.06,0.6,429.99,0
KitchenAid 10-Piece Cookware Set,0.12,0.6,117.99,0
Garmin GPS Forerunner 305,0.12,0.6,162.13,0
Jamie Oliver Flavour Shaker (Grey),0.24,0.6,29.95,0
Zuo Carter Office Chair,0.12,0.6,384.0,0
Beats by Dr. Dre Tour High Resolution Headphones,0.12,0.6,149.95,0
Palm Treo Pro Unlocked Cell Phone,0.06,0.6,599.99,0
"Lenovo IdeaPad S12 12.1"" Netbook (XP)",0.12,0.6,449.99,0
Hoover F7452900 Steamvac All-Terrain Floor Cleaner,0.12,0.6,299.99,0
LEGO BIONICLE 8990: Fero and Skirmix,0.24,0.6,44.5,0
LEGO Star Wars Republic Attack Shuttle,0.24,0.6,59.99,0
LEGO Indiana Jones Race for the Stolen Treasure,0.24,0.6,29.99,0
LEGO Star Wars Anakin's Fighter,0.24,0.6,29.99,0
1 Ounce Gold Bar (31.10g),0.02,0.6,1299.0,0
"Toshiba 26LV610U 720p 26"" LCD TV with DVD Player",0.12,0.6,549.99,0
50 Bids Voucher,0.02,0.6,30.0,0
300 Bids Voucher,0.02,0.6,180.0,0
20 Bids Voucher,0.02,0.6,12.0,0
75 Bids Voucher,0.02,0.6,45.0,0
MSI X340-021US Slim 13.4-Inch Laptop - Black,0.06,0.6,779.99,0
Rothenschild Eclipse Chronograph,0.24,0.6,459.99,0
Cuisinart CleanWater Filtration System,0.12,0.6,129.99,0
Towle 45 Piece Stainless 18/10 Flatware Set,0.12,0.6,270.0,0
Omron Inflation Digital Blood Pressure Monitor,0.24,0.6,59.99,0
"Calphalon One Infused Anodized 9"" Chef's Skillet",0.12,0.6,49.99,0
Panasonic Stainless Steel Steam/Dry Iron,0.24,0.6,49.99,0
Terminator: Salvation (Xbox 360),0.12,0.6,59.99,0
Fight Night Round 4 (PS3),0.12,0.6,59.99,0
Bionic Commando (PS3),0.12,0.6,59.99,0
The Conduit (Wii),0.12,0.6,49.99,0
$799 iPhone 3G Gift Card,0.06,0.6,799.99,0
$799 iPhone 3G Gift Card,0.02,0.6,799.99,0
Honeywell Oscillating 3-Speed Fan,0.12,0.6,19.99,0
Sony Alpha A380L Digital SLR Camera 18-55mm Lens,0.02,0.6,849.99,0
Samsung UN46B6000 46-Inch 1080p LED HDTV,0.02,0.6,2799.99,0
LG 50PS60 50-Inch 1080p Plasma HDTV,0.02,0.6,1599.99,0
Casio Exilim EX-S12 12MP Digital Camera,0.12,0.6,249.99,0
Apple MacBook Pro MB991LL/A 13.3-Inch Laptop,0.06,0.6,1749.0,0
Alton's Angles by Shun Angled 6-Inch Chef's Knife,0.24,0.6,140.0,0
Nikon D90 12.3 MP DSLR Camera with 18-105mm Kit,0.02,0.6,1169.0,0
LeapFrog Leapster 2 Learning Game System - Green,0.24,0.6,50.99,0
Kingston DataTraveler 32 GB USB 2.0 Flash Drive,0.12,0.6,86.99,0
Underworld - Rise Of The Lycans [Blu-ray],0.12,0.6,39.95,0
Grease [Blu-ray],0.12,0.6,29.99,0
The Curious Case Of Benjamin Button [Blu-ray],0.12,0.6,39.99,0
Mario Party DS,0.12,0.6,29.99,0
Pokemon Platinum Nintendo DS,0.12,0.6,34.99,0
Professor Layton and the Curious Village,0.12,0.6,29.99,0
Batman: Arkham Asylum (Xbox 360),0.12,0.6,59.99,0
Batman: Arkham Asylum (PS3),0.12,0.6,61.0,0
Samsung LN40B750 40-Inch 1080p 240Hz LCD HDTV,0.02,0.6,1999.99,0
Boss Selection By Hugo Boss For Men,0.24,0.6,72.0,0
Dolce & Gabbana Light Blue Pour Homme EdT 4.2oz.,0.24,0.6,67.5,0
"14k White Gold ""Key-to-My-Heart"" Diamond Pendant",0.12,0.6,129.99,0
Everlast 4004 Traditional  40 lb. Heavy Bag,0.24,0.6,69.99,0
Iqua BHS-603 Sun Bluetooth Stereo Headset,0.24,0.6,99.99,0
TRENDnet TS-U100 USB 2.0 Network Storage Server,0.24,0.6,84.99,0
SanDisk 8GB Ultra Backup USB 2.0 Flash Drive,0.12,0.6,31.99,0
"Sony VAIO VGN-P530H/G 8"" (Vista, Green)",0.06,0.6,899.99,0
Taken [Blu-ray],0.12,0.6,39.99,0
Twilight [Blu-ray],0.12,0.6,34.99,0
The Reader [Blu-ray],0.12,0.6,34.99,0
Guitar Hero World Tour Guitar Kit (Xbox 360),0.12,0.6,169.99,0
Ghostbusters: The Video Game (PS3),0.12,0.6,59.99,0
Riddick: Assault on Dark Athena (PS3),0.12,0.6,59.99,0
Rubbermaid Square 8-Piece Food Storage Containers,0.12,0.6,19.23,0
Philips 42PFL5704D 42-Inch 1080p LCD HDTV,0.02,0.6,1199.99,0
Sony PlayStation 3 Slim Console (120GB),0.12,0.6,299.99,0
Logitech G15 Gaming Keyboard,0.24,0.6,69.99,0
Plantronics Explorer 330 Bluetooth Headset,0.24,0.6,19.74,0
Samsung S2 500 GB Portable Hard Drive (Wine Red),0.24,0.6,169.99,0
Belkin F5L009 5-Port Network USB Hub,0.24,0.6,129.99,0
Samsung I8510 16GB Cell Phone Unlocked,0.06,0.6,589.99,0
Acer Aspire AH340-UA230N Home Server,0.12,0.6,399.99,0
TomTom Go 930T,0.06,0.6,549.95,0
HTC Touch Cruise 09 T4242 Unlocked Smartphone,0.06,0.6,699.99,0
Braun Series 3 370 Men's Shaver,0.12,0.6,99.99,0
Hugo Boss - Boss In Motion 3oz. edt spray,0.24,0.6,47.0,0
Kodak EasyShare M1020 Digital Picture Frame,0.12,0.6,159.99,0
Nokia N97 Unlocked Phone,0.06,0.6,699.99,0
LEGO SpongeBob SquarePants Rocket Ride,0.24,0.6,29.99,0
My Barbie: The Original  Fashion Model Barbie Doll,0.24,0.6,39.99,0
All-Clad Stainless All-Purpose Steamer with Lid,0.12,0.6,154.99,0
Rugged Cargo 5 Piece Set,0.24,0.6,89.99,0
50 Bids Voucher,0.06,0.6,30.0,0
300 Bids Voucher,0.06,0.6,180.0,0
32GB DataTraveler 200 USB 2.0 Flash Drive,0.12,0.6,99.99,0
20 Bids Voucher,0.06,0.6,12.0,0
75 Bids Voucher,0.06,0.6,45.0,0
DeLonghi BAR32 Retro 35 ounce Espresso Maker,0.12,0.6,210.0,0
Barbie Style Salon Playset,0.24,0.6,24.99,0
"Coby 7"" Digital Photo Frame",0.12,0.6,49.99,0
Zune HD 32 GB Video MP3 Player (Platinum),0.12,0.6,289.99,0
Nikon D90 12.3 MP DSLR Camera with 18-105mm Kit,0.06,0.6,1169.0,0
Sony VAIO VGN-NW120J/W 15.5-Inch Laptop,0.06,0.6,799.99,0
1 Ounce Gold Bar (31.10g),0.06,0.6,1007.0,0
LEGO Space Police Hyperspeed Pursuit,0.24,0.6,49.99,0
LEGO Space Police: Squidman's Pitstop,0.24,0.6,59.99,0
LEGO City Police Command Center,0.24,0.6,44.99,0
LEGO Castle Troll Warship,0.24,0.6,79.99,0
LEGO Castle Trolls' Mountain Fortress,0.12,0.6,99.99,0
LEGO Castle King's Castle Siege,0.12,0.6,99.99,0
LEGO Star Wars Motorized Walking AT-AT,0.12,0.6,129.99,0
Panasonic KX-TG9342T Cordless Phone System,0.24,0.6,42.99,0
Nokia 5800 XpressMusic Unlocked Phone,0.06,0.6,299.99,0
HP Pavilion Slimline S5120F Desktop PC,0.12,0.6,469.99,0
ASUS Eee PC 1005HA-PU1X-BU Seashell Netbook,0.12,0.6,389.99,0
Sony BDP-S550 1080p Blu-ray Player,0.06,0.6,299.99,0
Tweezerman Skin Care Tool,0.24,0.6,10.0,0
Baby Einstein Takealong Tunes,0.24,0.6,9.99,0
Streamlight Nanolight Miniature LED Flashlight,0.24,0.6,10.15,0
Fossil Executive Glazed Leather Top Zip Tote,0.24,0.6,205.0,0
Rubbermaid Square 8-Piece Food Storage Containers,0.24,0.6,19.23,0
Samsung TL225 Digital Camera,0.12,0.6,349.99,0
"Kindle DX 9.7"" (Latest Generation)",0.06,0.6,489.99,0
LG 50PS60 50-Inch 1080p Plasma HDTV,0.06,0.6,1599.99,0
PSP Go-White,0.12,0.6,249.99,0
PSP Go-Black,0.12,0.6,249.99,0
14k White Gold Round Diamond Stud Earrings,0.12,0.6,199.99,0
Cultured Tahitian Pearl 14K Pink Gold Pendant,0.12,0.6,199.99,0
Creative Inspire T6100 Speaker System,0.12,0.6,79.99,0
Perigaum Flightmaster Chronograph,0.12,0.6,249.99,0
Rothenschild Crusader Automatic,0.12,0.6,425.0,0
Perigaum Fiona Ladies Watch,0.12,0.6,159.99,0
Canon PowerShot SD780IS 12.1 MP Digital Camera,0.12,0.6,209.82,0
Philips SA2925R 2 GB Video MP3 Player,0.12,0.6,49.99,0
JBL Control 2.4G On Air Wireless Speaker System,0.12,0.6,204.95,0
Sony Multi-Room iPod Player Dock,0.12,0.6,314.52,0
ASUS Eee PC Touch T91 8.9-Inch Tablet Netbook,0.12,0.6,499.99,0
Halo 3: ODST (Xbox 360),0.12,0.6,59.99,0
HP Mini 5101 10.1-inch Netbook,0.06,0.6,589.99,0
Sony VCT-80AV Tripod,0.12,0.6,115.99,0
HTC Hero White Unlocked Cellular Phone,0.06,0.6,599.99,0
Need for Speed: Shift (PC),0.12,0.6,49.99,0
Champions Online (PC),0.12,0.6,49.99,0
Aion: The Tower of Eternity (PC),0.12,0.6,49.99,0
Microsoft Wireless Media Desktop 1000,0.12,0.6,49.99,0
Microsoft Arc Mouse (Black),0.12,0.6,27.49,0
Hot Tools Professional Ceramic Spring Curling Iron,0.24,0.6,34.99,0
Vanguard MK-3 Tripod,0.12,0.6,37.0,0
Wii | Nintendo Console + Wii Sports,0.12,0.6,199.99,0
Samsung i8910 Omnia HD Unlocked Cell Phone,0.06,0.6,645.0,0
Apple LED iMac MB953LL/A 27-Inch Desktop,0.02,0.6,1999.99,0
USBcell AA Rechargeable Battery,0.12,0.6,18.85,0
Philips Sonicare FlexCare Rechargeable Toothbrush,0.12,0.6,143.45,0
Microsoft Windows 7 Home Premium,0.12,0.6,199.0,0
Guitar Hero 5 - Guitar Bundle (Xbox 360),0.12,0.6,98.99,0
Guitar Hero 5 - Guitar Bundle (PS3),0.12,0.6,98.99,0
Marvel Ultimate Alliance 2 (Xbox 360),0.12,0.6,56.99,0
Marvel Ultimate Alliance 2 (DS),0.12,0.6,27.99,0
Marvel Ultimate Alliance 2 (Wii),0.12,0.6,46.99,0
Marvel Ultimate Alliance 2 (PS3),0.12,0.6,56.99,0
Operation Flashpoint: Dragon Rising (PS3),0.12,0.6,54.49,0
Operation Flashpoint: Dragon Rising (Xbox 360),0.12,0.6,56.99,0
FIFA 10 (Nintendo DS),0.12,0.6,29.99,0
FIFA 10 (PS3),0.12,0.6,56.99,0
Pro-Evolution Soccer 2010 (PS3),0.12,0.6,56.99,0
Borderlands (Xbox 360),0.12,0.6,58.99,0
Borderlands (PS3),0.12,0.6,58.99,0
FIFA 10 (Wii),0.12,0.6,46.99,0
Mario & Sonic at the Olympic Winter Games (DS),0.12,0.6,33.99,0
Mario & Sonic at the Olympic Winter Games (Wii),0.12,0.6,44.99,0
Star Wars: The Clone Wars - Republic Heroes (Wii),0.12,0.6,46.99,0
Mini Ninjas (Wii),0.12,0.6,36.99,0
MySims Agents (Nintendo DS),0.12,0.6,29.99,0
MySims Agents (Wii),0.12,0.6,46.99,0
Uncharted 2: Among Thieves (PS3),0.12,0.6,56.99,0
Madden NFL 2010 (Xbox 360),0.12,0.6,59.99,0
Madden NFL 2010 (PS3),0.12,0.6,59.99,0
Need For Speed: Shift (Xbox 360),0.12,0.6,59.99,0
Need For Speed: Shift (PS3),0.12,0.6,56.99,0
Dirt 2 (Nintendo DS),0.12,0.6,36.99,0
Dirt 2 (Wii),0.12,0.6,36.99,0
Dirt 2 (PS3),0.12,0.6,54.99,0
Brutal Legend (Xbox 360),0.12,0.6,56.99,0
Brutal Legend (PS3),0.12,0.6,56.99,0
WET (Xbox 360),0.12,0.6,56.99,0
WET (PS3),0.12,0.6,56.99,0
Lego Rock Band (Xbox 360),0.12,0.6,49.99,0
Professor Layton and the Diabolical Box (DS),0.12,0.6,29.99,0
Apple iPod touch 64 GB (3rd Generation),0.12,0.6,399.0,0
Apple iPod classic 160 GB (7th Generation),0.12,0.6,249.99,0
Wii Fit Plus - Game Only (Wii),0.12,0.6,19.99,0
Wii Fit Plus with Balance Board,0.12,0.6,99.99,0
Freshwater Pearl Drop Earrings,0.24,0.6,24.99,0
RCA AM/FM Alarm Clock Radio (Black),0.24,0.6,19.99,0
Cuisinart White Hand Blender,0.24,0.6,29.95,0
Operation Flashpoint: Dragon Rising (PS3),0.12,0.6,49.99,0
FIFA 10 (Xbox 360),0.12,0.6,49.99,0
Borderlands (Xbox 360),0.12,0.6,49.99,0
Mario & Sonic at the Olympic Winter Games (Wii),0.12,0.6,41.99,0
Uncharted 2: Among Thieves (PS3),0.12,0.6,49.99,0
Dirt 2 (Xbox 360),0.12,0.6,54.99,0
Resident Evil 5 (PS3),0.12,0.6,36.99,0
Norton Internet Security 2010,0.12,0.6,59.99,0
Iomega eGo BlackBelt 500 GB External Hard Drive,0.12,0.6,112.0,0
Kensington DomeHub 7 port USB 2.0 Hub,0.12,0.6,38.99,0
Microsoft Bluetooth Notebook Mouse 5000,0.12,0.6,35.65,0
Logitech Wireless Desktop MK300 Keyboard,0.12,0.6,39.99,0
Microsoft SideWinder X6 Keyboard,0.12,0.6,54.99,0
Logitech MX Anywhere Mouse,0.12,0.6,69.99,0
Logitech G11 Gaming Keyboard,0.12,0.6,65.0,0
50 Bids Voucher,0.01,0.6,30.0,0
75 Bids Voucher,0.01,0.6,45.0,0
Nokia N97 Unlocked Phone,0.06,0.6,549.99,0
Microsoft Windows 7 Home Premium,0.12,0.6,188.99,0
Buffalo 1TB DriveStation Turbo Hard Drive,0.12,0.6,109.95,0
Transcend StoreJet 320GB Anti Shock Hard Drive,0.12,0.6,72.99,0
Microsoft Arc Mouse (Black),0.12,0.6,31.99,0
Iomega Prestige 1.5 TB External Hard Drive,0.12,0.6,129.99,0
Western Digital My Passport 500 GB  Hard Drive,0.12,0.6,109.0,0
Western Digital Elements 1 TB External Hard Drive,0.12,0.6,99.99,0
Norton Internet Security 2010,0.12,0.6,30.99,0
Logitech G11 Gaming Keyboard,0.12,0.6,56.99,0
Microsoft Bluetooth Notebook Mouse 5000,0.12,0.6,39.99,0
Logitech Wireless Desktop MK300 Keyboard,0.12,0.6,34.99,0
Microsoft SideWinder X6 Keyboard,0.12,0.6,58.99,0
Kensington DomeHub 7 port USB 2.0 Hub,0.12,0.6,34.76,0
Apple iPod touch 64 GB (3rd Generation),0.12,0.6,379.99,0
Wii Fit Plus - Game Only (Wii),0.12,0.6,19.49,0
Wii Fit Plus with Balance Board,0.12,0.6,94.99,0
Transcend 16 GB SDHC Class 6 Flash Memory Card,0.12,0.6,36.49,0
Wii Sports Resort with Wii MotionPlus,0.12,0.6,59.95,0
Samsung UN46B6000 46-Inch 1080p LED HDTV,0.01,0.6,1849.0,0
Canon EOS Rebel T1i 15MP DSLR + 18-55mm lenses,0.01,0.6,749.95,0
Nikon D90 12.3 MP DSLR Camera with 18-105mm Kit,0.01,0.6,1081.99,0
Nokia N97 Unlocked Phone,0.01,0.6,549.99,0
Apple LED iMac MB953LL/A 27-Inch Desktop,0.01,0.6,1999.99,0
Apple MacBook Pro MB991LL/A 13.3-Inch Laptop,0.01,0.6,1499.0,0
FIFA 10 (PS3),0.12,0.6,57.99,0
Pro-Evolution Soccer 2010 (PS3),0.12,0.6,59.99,0
Borderlands (PS3),0.12,0.6,51.99,0
FIFA 10 (Wii),0.12,0.6,54.99,0
Mario & Sonic at the Olympic Winter Games (DS),0.12,0.6,49.99,0
Mini Ninjas (Wii),0.12,0.6,42.99,0
Uncharted 2: Among Thieves (PS3),0.12,0.6,59.99,0
Need For Speed: Shift (Xbox 360),0.12,0.6,57.99,0
Need For Speed: Shift (PS3),0.12,0.6,51.99,0
Dirt 2 (Wii),0.12,0.6,59.99,0
Dirt 2 (Xbox 360),0.12,0.6,59.99,0
Dirt 2 (PS3),0.12,0.6,59.99,0
Batman: Arkham Asylum (Xbox 360),0.12,0.6,54.99,0
Ghostbusters: The Video Game (PS3),0.12,0.6,42.99,0
Batman: Arkham Asylum (PS3),0.12,0.6,54.99,0
Resident Evil 5 (PS3),0.12,0.6,44.99,0
DJ Hero (Nintendo Wii),0.12,0.6,119.99,0
DJ Hero (PlayStation 3),0.12,0.6,119.99,0
DJ Hero - Turntable Kit (Xbox 360),0.12,0.6,119.99,0
Call of Duty: Modern Warfare 2 (PS3),0.12,0.6,59.99,0
Call of Duty: Modern Warfare 2 (Xbox 360),0.12,0.6,59.99,0
Call of Duty: Modern Warfare 2 (PC DVD),0.12,0.6,59.99,0
Apple iPod touch 64 GB (3rd Generation),0.12,0.6,399.99,0
XBOX 360 Modern Warfare 2 Bundle,0.12,0.6,429.99,0
Transcend 16 GB SDHC Class 6 Flash Memory Card,0.12,0.6,39.99,0
Wii Sports Resort with Wii MotionPlus,0.12,0.6,59.99,0
Sony PlayStation 3 Slim Console (120GB),0.12,0.6,329.99,0
Canon EOS Rebel T1i 15MP DSLR + 18-55mm lenses,0.01,0.6,829.99,0
Nintendo DSi Console (Black),0.12,0.6,189.99,0
Nintendo DSi Console (Blue),0.12,0.6,189.99,0
Nikon D90 12.3 MP DSLR Camera with 18-105mm Kit,0.01,0.6,1249.0,0
Wii | Nintendo Console + Wii Sports,0.12,0.6,219.99,0
Tekken 6 (Xbox 360),0.12,0.6,59.99,0
 Tekken 6 (PS3),0.12,0.6,49.99,0
Nikon Coolpix P90 12.1 MP Digital Camera,0.12,0.6,399.99,0
PS3 Modern Warfare 2 Wireless Headset,0.12,0.6,36.49,0
Xbox 360 Modern Warfare 2 Throat Communicator,0.12,0.6,29.63,0
Nokia N97 Unlocked Phone,0.01,0.6,599.99,0
Microsoft Windows 7 Home Premium,0.12,0.6,199.99,0
USBcell AA Rechargeable Battery,0.12,0.6,19.99,0
Creative Inspire T6100 Speaker System,0.12,0.6,89.99,0
Apple LED iMac M952LL/A  27-Inch Desktop,0.01,0.6,1699.0,0
Sony VAIO VGN-NW280F/B 15.5-Inch  Laptop,0.01,0.6,919.99,0
Star Wars: The Clone Wars - Republic Heroes (PC),0.12,0.6,29.99,0
CSI: Deadly Intent (PC),0.12,0.6,29.99,0
HP Officejet J4680 Color Inkjet Printer,0.12,0.6,99.99,0
Iomega Prestige 1.5 TB External Hard Drive,0.12,0.6,144.99,0
Western Digital My Passport 500 GB  Hard Drive,0.12,0.6,119.99,0
Iomega eGo BlackBelt 500 GB External Hard Drive,0.12,0.6,124.99,0
Western Digital Elements 1 TB External Hard Drive,0.12,0.6,109.99,0
1 Ounce Gold Bar (31.10g),0.01,0.6,1199.0,0
Football Manager 2010,0.12,0.6,39.95,0
Dragon Age: Origins (PC),0.12,0.6,49.99,0
BlackBerry Storm 2 9550 Odin Unlocked  Phone,0.01,0.6,615.0,0
PS3 Modern Warfare 2 Wireless Combat Controller,0.12,0.6,49.99,0
Black Wii Remote with Black Wii MotionPlus,0.12,0.6,49.99,0
Canon EOS Rebel T1i with 18-55mm lens + 150 Bids,0.01,0.6,919.99,0
Sony PlayStation 3 Slim 120GB + 50 Bids,0.12,0.6,359.99,0
Nikon D90 with 18-105mm Kit + 150 Bids,0.01,0.6,1339.0,0
"Apple MacBook Pro 13.3"" + 200 Bids",0.01,0.6,1719.0,0
Nokia N97 + 150 Bids,0.01,0.6,689.99,0
Sony PS3 160GB with Uncharted + 50 Bids,0.12,0.6,429.99,0
Canon EOS Rebel T1i + 18-55mm + 150 FreeBids,0.01,0.6,919.99,0
Nikon D90 with 18-105mm Kit + 150 FreeBids,0.01,0.6,1339.0,0
Sony PlayStation 3 Slim 250GB + 50 Bids,0.12,0.6,379.99,0
Sony PlayStation 3 Slim 250GB + 50 FreeBids,0.12,0.6,379.99,0
New Super Mario Brothers (Wii),0.12,0.6,46.99,0
"Apple MacBook Pro 13.3"" + 200 FreeBids",0.01,0.6,1719.0,0
Sony PS3 160GB with Uncharted + 50 FreeBids,0.12,0.6,429.99,0
Apple iPhone 3GS 32GB Black + 200 FreeBids,0.01,0.6,1018.0,0
20 BIDS VOUCHER,0.01,0.01,14.0,0
20 BIDS VOUCHER,0.01,0.01,15.0,0
50 BIDS VOUCHER,0.01,0.01,35.0,0
50 FREEBIDS VOUCHER!,0.01,0.01,35.0,0
CLATRONIC PM 2658 HOT AIR POPCORN MAKER (WHITE),0.01,0.01,35.0,0
MAKITA CORDLESS ARTICULATED WRENCH,0.01,0.01,59.0,0
50.- EURO CASH!,0.01,0.01,80.0,0
NINTENDO WII FIT,0.01,0.01,113.0,0
BRAUN ORAL-B TRIUMPH 9900,0.01,0.01,176.0,0
300 BIDS VOUCHER,0.01,0.01,211.0,0
300 FREEBIDS VOUCHER!,0.01,0.01,211.0,0
TEFAL FZ 7000 FRYERS ACTIFRY,0.01,0.01,219.0,0
NAVIGON 2210 EUROPE INCL. TMC,0.01,0.01,253.0,0
10 GRAMS OF GOLD BARS,0.01,0.01,325.0,0
SONY PSP 3004 (BLACK),0.01,0.01,241.0,0
GARMIN GPS FORERUNNER 305,0.01,0.01,314.0,0
TOMTOM GO 630 TRAFFIC,0.01,0.01,433.0,0
PLEO ROBOTIC DINOSAUR,0.01,0.01,403.0,0
BRAUN SERIES 7 / 790 CC MEN'S SHAVER,0.01,0.01,378.0,0
DELONGHI LATTISSIMA EN670 (BLACK),0.01,0.01,698.0,0
1 KG SILVER BAR,0.01,0.01,559.0,0
TOMTOM GO 740 LIVE,0.01,0.01,585.0,0
SAMSUNG S8300 ULTRATOUCH PLATINIUM-RED,0.01,0.01,664.0,0
TOMTOM GO 940 LIVE,0.01,0.01,609.0,0
BAUKNECHT TK CARE 17B,0.01,0.01,647.0,0
TOMTOM GO 730T,0.01,0.01,654.0,0
APPLE IPHONE 3G 16GB (BLACK),0.01,0.01,997.0,0
LG KM900 ARENA,0.01,0.01,635.0,0
TOMTOM GO 930T,0.01,0.01,690.0,0
KITCHENAID ARTISAN Kitchen MACHINE ANTHRACITE,0.01,0.01,531.0,0
SAMSUNG SGH-I900 OMNIA,0.01,0.01,760.0,0
"31,10G GOLD BARS",0.01,0.01,995.0,0
CANON EOS 450D (BLACK) + LENS 18-55MM,0.01,0.01,980.0,0
SMARTPHONE SONY ERICSSON XPERIA X1 (SOLID BLACK),0.01,0.01,985.0,0
NOKIA N96 (DARK GREY),0.01,0.01,1029.0,0
FUJITSU SIEMENS AMILO PI 3630,0.01,0.01,1011.0,0
TOSHIBA 37XV556D (BLACK),0.01,0.01,1091.0,0
CANON EOS 450D (BLACK) INCL. LENS 18-55MM,0.01,0.01,972.0,0
APPLE IPHONE 3G 16GB (WHITE),0.01,0.01,1063.0,0
NIKON D5000 + LENS 18-55 II,0.01,0.01,1023.0,0
CANON EOS 500D + LENS 18-55MM IS,0.01,0.01,1071.0,0
SAMSUNG LE40A615 (BLACK),0.01,0.01,1207.0,0
NIKON D90 KIT INCL. DX 18-55 (BLACK),0.01,0.01,1306.0,0
APPLE MACBOOK 13.3,0.01,0.01,1436.0,0
SAMSUNG LE-37B650T (BLACK),0.01,0.01,1352.0,0
ACER ASPIRE 8930G-583G32BN,0.01,0.01,1369.0,0
ACER ASPIRE 8730ZG-424G32MN,0.01,0.01,1120.0,0
APPLE IMAC 20 INCH 2.4GHZ INTEL CORE 2 DUO,0.01,0.01,1257.0,0
ACER ASPIRE 8920G-6A4G32BN,0.01,0.01,1769.0,0
PHILIPS 42PFL5603D (BLACK),0.01,0.01,1442.0,0
HP PAVILION ELITE M9584,0.01,0.01,1236.0,0
ACER ASPIRE 8730ZG-343G32MN,0.01,0.01,1092.0,0
PANASONIC LUMIX DMC-G1 BLACK + 14-45MM,0.01,0.01,1053.0,0
PANASONIC TH-42 PZ 8 E (BLACK),0.01,0.01,1398.0,0
SONY KDL-37V5500 (BLACK),0.01,0.01,1326.0,0
ACER ASPIRE 8930G-644G50MN,0.01,0.01,1422.0,0
SAMSUNG R610 DELIZ 16.0 INCH WXGA NOTEBOOK,0.01,0.01,1207.0,0
SAMSUNG LE-37A557P,0.01,0.01,1359.0,0
ACER ASPIRE 8920G-603G25BN,0.01,0.01,1484.0,0
ACER ASPIRE 8930G-734G32BN,0.01,0.01,1453.0,0
SONY VAIO VGN-AR61E,0.01,0.01,1653.0,0
SONY KDL-40V5500 (BLACK),0.01,0.01,1486.0,0
APPLE MACBOOK 13.3 MB466D/A,0.01,0.01,1458.0,0
ACER ASPIRE 8920G-583G32BN,0.01,0.01,1597.0,0
PHILIPS 42PFL7404H (BLACK),0.01,0.01,1433.0,0
SAMSUNG LE-40B650T (BLACK),0.01,0.01,1649.0,0
TOSHIBA 46XV555D (BLACK),0.01,0.01,1615.0,0
PHILIPS 42PFL5603D FULL-HD,0.01,0.01,1480.0,0
SAMSUNG LE-40A656A1F,0.01,0.01,1796.0,0
TOSHIBA 42ZV555D,0.01,0.01,1569.0,0
ACER ASPIRE 8920G-604G32BN,0.01,0.01,1608.0,0
SONY KDL-40W4000,0.01,0.01,1802.0,0
PHILIPS 42-PFL-5603D (BLACK),0.01,0.01,1525.0,0
FUJITSU SIEMENS AMILO XI 3650,0.01,0.01,1756.0,0
SONY VAIO VGN-AW11M/H,0.01,0.01,1650.0,0
PHILIPS 47PFL5603D (BLACK),0.01,0.01,1598.0,0
SAECO PRIMEA CAPPUCCINO DUO NEW EDITION,0.01,0.01,2142.0,0
SAMSUNG LE-40A856 (BLACK),0.01,0.01,1891.0,0
"HP PAVILION HDX18-1080EG 18.4"" NOTEBOOK",0.01,0.01,1802.0,0
HP TOUCHSMART IQ512 (BLACK),0.01,0.01,1717.0,0
